date,instance_id,instance_type,region,environment,cpu_utilization_avg,cpu_utilization_max,hours_running,cost_inr
2026-02-27,i-stag-002,t3.medium,us-east-1,staging,,75.01,10,40.0
2026-04-12,i-dev-001,t3.medium,ap-south-1,dev,3.67,4.02,24,96.0
2026-03-15,i-dev-001,t3.medium,ap-south-1,dev,1.59,5.38,24,96.0
2026-03-09,i-prod-003,m5.xlarge,us-east-1,prod,32.6,48.03,24,432.0
2026-02-06,i-dev-003,t3.large,us-east-1,dev,4.08,9.16,24,192.0
2026-02-01,i-test-002,t3.medium,us-east-1,test,52.98,64.24,4,16.0
2026-02-11,i-prod-005,t3.large,ap-south-1,prod,54.84,68.25,24,192.0
2026-03-18,i-prod-003,m5.xlarge,us-east-1,prod,52.73,72.24,24,432.0
2026-02-03,i-stag-002,t3.medium,us-east-1,staging,33.79,41.21,10,40.0
2026-04-17,i-prod-005,t3.large,ap-south-1,prod,54.12,66.44,24,192.0
2026-02-04,i-prod-002,m5.xlarge,ap-south-1,prod,70.14,84.61,24,432.0
2026-02-27,i-dev-003,t3.large,us-east-1,dev,2.98,4.05,24,192.0
2026-04-02,i-prod-002,m5.xlarge,ap-south-1,prod,41.68,53.23,24,432.0
2026-04-01,i-stag-001,t3.large,ap-south-1,staging,50.15,57.16,10,80.0
2026-03-06,i-test-002,t3.medium,us-east-1,test,44.99,60.03,10,40.0
2026-02-09,i-test-002,t3.medium,us-east-1,test,70.06,81.9,10,40.0
2026-03-17,i-prod-004,r5.xlarge,eu-west-1,prod,64.74,70.15,24,576.0
2026-02-12,i-test-002,t3.medium,us-east-1,test,57.82,68.36,10,40.0
2026-04-08,i-stag-001,t3.large,ap-south-1,staging,36.97,56.14,10,80.0
2026-03-19,i-prod-002,m5.xlarge,ap-south-1,prod,67.87,79.93,24,432.0
2026-02-27,i-prod-001,m5.2xlarge,ap-south-1,prod,42.1,59.07,24,864.0
2026-03-09,i-prod-006,m5.xlarge,us-east-1,prod,32.8,45.44,24,432.0
2026-02-19,i-stag-001,t3.large,ap-south-1,staging,64.36,71.46,10,80.0
2026-02-10,i-dev-003,t3.large,us-east-1,dev,3.34,6.66,24,192.0
2026-04-01,i-prod-001,m5.2xlarge,ap-south-1,prod,65.16,78.83,24,864.0
2026-02-21,i-test-001,t3.medium,ap-south-1,test,3.95,8.17,24,96.0
2026-03-24,i-test-001,t3.medium,ap-south-1,test,0.59,4.37,24,96.0
2026-04-10,i-prod-006,m5.xlarge,us-east-1,prod,52.1,71.01,24,432.0
2026-02-02,i-prod-005,t3.large,ap-south-1,prod,52.62,58.39,24,192.0
2026-02-24,i-prod-003,m5.xlarge,us-east-1,prod,52.31,58.53,24,432.0
2026-02-15,i-prod-001,m5.2xlarge,ap-south-1,prod,72.23,79.94,24,864.0
2026-04-11,i-dev-003,t3.large,us-east-1,dev,5.45,7.39,24,192.0
2026-03-24,i-ml-001,m5.2xlarge,ap-south-1,prod,43.9,85.97,24,864.0
2026-03-25,i-dev-002,t3.medium,ap-south-1,dev,3.0,5.45,24,96.0
2026-04-04,i-prod-005,t3.large,ap-south-1,prod,64.7,79.52,24,192.0
2026-03-09,i-dev-001,t3.medium,ap-south-1,dev,1.02,5.46,24,96.0
2026-03-15,i-test-002,t3.medium,us-east-1,test,59.87,79.32,4,16.0
2026-02-02,i-stag-001,t3.large,ap-south-1,staging,52.03,71.81,10,80.0
2026-03-20,i-prod-002,m5.xlarge,ap-south-1,prod,43.15,61.81,24,432.0
2026-03-28,i-stag-002,t3.medium,us-east-1,staging,33.23,48.47,4,16.0
2026-02-04,i-prod-004,r5.xlarge,eu-west-1,prod,38.79,54.62,24,576.0
2026-02-14,i-stag-001,t3.large,ap-south-1,staging,40.91,47.63,4,32.0
2026-04-24,i-dev-002,t3.medium,ap-south-1,dev,1.89,2.14,24,96.0
2026-03-24,i-dev-004,t3.medium,eu-west-1,dev,31.39,42.21,10,40.0
2026-03-15,i-prod-001,m5.2xlarge,ap-south-1,prod,38.37,55.41,24,864.0
2026-02-27,i-prod-004,r5.xlarge,eu-west-1,prod,43.12,58.55,24,576.0
2026-04-23,i-prod-004,r5.xlarge,eu-west-1,prod,30.31,38.5,24,576.0
2026-03-10,i-test-002,t3.medium,us-east-1,test,31.88,38.15,10,40.0
2026-04-16,i-prod-005,t3.large,ap-south-1,prod,64.05,75.69,24,192.0
2026-02-13,i-dev-001,t3.medium,ap-south-1,dev,2.23,2.86,24,96.0
2026-02-23,i-prod-004,r5.xlarge,eu-west-1,prod,40.43,59.57,24,576.0
2026-02-23,i-ml-001,m5.2xlarge,ap-south-1,prod,41.55,95.38,24,864.0
2026-03-10,i-dev-004,t3.medium,eu-west-1,dev,33.0,45.78,10,40.0
2026-02-01,i-prod-003,m5.xlarge,us-east-1,prod,53.52,64.94,24,432.0
2026-03-24,i-prod-002,m5.xlarge,ap-south-1,prod,61.75,77.08,24,432.0
2026-03-09,i-prod-001,m5.2xlarge,ap-south-1,prod,36.84,42.76,24,864.0
2026-02-26,i-prod-006,m5.xlarge,us-east-1,prod,70.23,78.68,24,432.0
2026-04-28,i-prod-006,m5.xlarge,us-east-1,prod,70.69,81.31,24,432.0
2026-04-21,i-test-001,t3.medium,ap-south-1,test,1.0,4.87,24,96.0
2026-03-22,i-prod-006,m5.xlarge,us-east-1,prod,52.83,70.95,24,432.0
2026-02-05,i-dev-004,t3.medium,eu-west-1,dev,58.68,74.58,10,40.0
2026-03-24,i-prod-005,t3.large,ap-south-1,prod,31.15,45.83,24,192.0
2026-02-15,i-stag-002,t3.medium,us-east-1,staging,43.56,59.78,4,16.0
2026-04-14,i-stag-001,t3.large,ap-south-1,staging,44.12,52.74,10,80.0
2026-02-22,i-test-002,t3.medium,us-east-1,test,74.45,85.86,4,16.0
2026-02-23,i-prod-002,m5.xlarge,ap-south-1,prod,69.56,88.73,24,432.0
2026-02-10,i-prod-004,r5.xlarge,eu-west-1,prod,60.81,68.25,24,576.0
2026-03-13,i-prod-002,m5.xlarge,ap-south-1,prod,39.18,52.51,24,432.0
2026-03-29,i-dev-004,t3.medium,eu-west-1,dev,58.99,64.71,4,16.0
2026-03-10,i-stag-001,t3.large,ap-south-1,staging,72.99,89.79,10,80.0
2026-04-28,i-stag-001,t3.large,ap-south-1,staging,32.28,43.67,10,80.0
2026-03-17,i-prod-006,m5.xlarge,us-east-1,prod,52.4,58.98,24,432.0
2026-03-19,i-dev-003,t3.large,us-east-1,dev,2.3,9.56,24,192.0
2026-04-17,i-dev-001,t3.medium,ap-south-1,dev,2.19,2.62,24,96.0
2026-02-21,i-ml-001,m5.2xlarge,ap-south-1,prod,25.75,82.29,24,864.0
2026-02-16,i-dev-003,t3.large,us-east-1,dev,5.36,12.82,24,192.0
2026-04-25,i-dev-001,t3.medium,ap-south-1,dev,0.77,2.86,24,96.0
2026-03-25,i-stag-001,t3.large,ap-south-1,staging,32.59,42.73,10,80.0
2026-04-14,i-dev-004,t3.medium,eu-west-1,dev,41.88,60.97,10,40.0
2026-02-03,i-prod-004,r5.xlarge,eu-west-1,prod,40.88,47.28,24,576.0
2026-02-18,i-test-001,t3.medium,ap-south-1,test,3.92,8.07,24,96.0
2026-03-06,i-prod-003,m5.xlarge,us-east-1,prod,47.59,61.51,24,432.0
2026-02-17,i-stag-002,t3.medium,us-east-1,staging,50.36,57.47,10,40.0
2026-02-25,i-prod-001,m5.2xlarge,ap-south-1,prod,57.76,77.48,24,864.0
2026-02-01,i-ml-001,m5.2xlarge,ap-south-1,prod,23.0,86.41,24,864.0
2026-03-22,i-dev-002,t3.medium,ap-south-1,dev,2.93,4.48,24,96.0
2026-04-08,i-stag-002,t3.medium,us-east-1,staging,69.73,77.77,10,40.0
2026-04-03,i-prod-005,t3.large,ap-south-1,prod,41.3,54.76,24,192.0
2026-03-18,i-dev-002,t3.medium,ap-south-1,dev,3.34,4.91,24,96.0
2026-02-18,i-dev-004,t3.medium,eu-west-1,dev,34.47,43.12,10,40.0
2026-03-03,i-prod-002,m5.xlarge,ap-south-1,prod,49.97,67.99,24,432.0
2026-03-14,i-prod-005,t3.large,ap-south-1,prod,36.64,46.56,24,192.0
2026-04-18,i-prod-006,m5.xlarge,us-east-1,prod,36.63,56.22,24,432.0
2026-04-14,i-prod-001,m5.2xlarge,ap-south-1,prod,57.92,74.06,24,864.0
2026-04-21,i-ml-001,m5.2xlarge,ap-south-1,prod,29.68,81.26,24,864.0
2026-04-11,i-prod-004,r5.xlarge,eu-west-1,prod,60.46,78.03,24,576.0
2026-03-20,i-dev-003,t3.large,us-east-1,dev,3.97,11.1,24,192.0
2026-03-09,i-dev-004,t3.medium,eu-west-1,dev,30.5,41.74,10,40.0
2026-03-19,i-dev-004,t3.medium,eu-west-1,dev,55.22,61.88,10,40.0
2026-03-15,i-test-001,t3.medium,ap-south-1,test,1.89,6.39,24,96.0
2026-03-26,i-ml-001,m5.2xlarge,ap-south-1,prod,31.92,93.07,24,864.0
2026-04-09,i-dev-004,t3.medium,eu-west-1,dev,53.47,59.49,10,40.0
2026-02-19,i-dev-002,t3.medium,ap-south-1,dev,2.67,5.83,24,96.0
2026-03-27,i-dev-002,t3.medium,ap-south-1,dev,2.13,4.17,24,96.0
2026-04-03,i-prod-003,m5.xlarge,us-east-1,prod,63.94,82.72,24,432.0
2026-02-22,i-dev-001,t3.medium,ap-south-1,dev,3.01,7.38,24,96.0
2026-03-25,i-prod-003,m5.xlarge,us-east-1,prod,47.35,57.45,24,432.0
2026-02-19,i-prod-004,r5.xlarge,eu-west-1,prod,47.09,60.94,24,576.0
2026-04-23,i-prod-001,m5.2xlarge,ap-south-1,prod,51.19,66.12,24,864.0
2026-04-05,i-test-001,t3.medium,ap-south-1,test,1.88,3.56,24,96.0
2026-02-23,i-prod-006,m5.xlarge,us-east-1,prod,37.94,46.25,24,432.0
2026-03-10,i-prod-005,t3.large,ap-south-1,prod,51.42,62.06,24,192.0
2026-03-23,i-test-002,t3.medium,us-east-1,test,65.93,83.26,10,40.0
2026-03-06,i-stag-002,t3.medium,us-east-1,staging,42.34,48.53,10,40.0
2026-04-13,i-prod-005,t3.large,ap-south-1,prod,33.33,43.97,24,192.0
2026-04-22,i-prod-006,m5.xlarge,us-east-1,prod,69.82,85.9,24,432.0
2026-04-18,i-prod-005,t3.large,ap-south-1,prod,42.09,48.6,24,192.0
2026-04-13,i-prod-002,m5.xlarge,ap-south-1,prod,70.58,78.63,24,432.0
2026-02-16,i-stag-001,t3.large,ap-south-1,staging,45.56,53.28,10,80.0
2026-03-18,i-test-002,t3.medium,us-east-1,test,34.53,43.13,10,40.0
2026-04-29,i-dev-002,t3.medium,ap-south-1,dev,0.82,5.79,24,96.0
2026-02-01,i-test-002,t3.medium,us-east-1,test,52.98,64.24,4,16.0
2026-03-09,i-prod-004,r5.xlarge,eu-west-1,prod,40.76,47.9,24,576.0
2026-03-28,i-prod-004,r5.xlarge,eu-west-1,prod,40.17,54.78,24,576.0
2026-04-09,i-prod-002,m5.xlarge,ap-south-1,prod,56.53,70.72,24,432.0
2026-03-22,i-prod-003,m5.xlarge,us-east-1,prod,55.74,68.43,24,432.0
2026-02-03,i-prod-006,m5.xlarge,us-east-1,prod,45.71,61.6,24,432.0
2026-03-03,i-stag-001,t3.large,ap-south-1,staging,39.71,54.59,10,80.0
2026-03-06,i-dev-003,t3.large,us-east-1,dev,3.6,4.14,24,192.0
2026-04-15,i-stag-002,t3.medium,us-east-1,staging,67.14,84.82,10,40.0
2026-02-14,i-dev-001,t3.medium,ap-south-1,dev,2.42,5.09,24,96.0
2026-04-03,i-prod-002,m5.xlarge,ap-south-1,prod,64.25,74.82,24,432.0
2026-04-08,i-prod-005,t3.large,ap-south-1,prod,44.08,53.15,24,192.0
2026-02-02,i-test-002,t3.medium,us-east-1,test,59.03,66.65,10,40.0
2026-02-27,i-dev-002,t3.medium,ap-south-1,dev,1.9,2.07,24,96.0
2026-03-13,i-dev-001,t3.medium,ap-south-1,dev,2.29,5.9,24,96.0
2026-01-31,i-dev-001,t3.medium,ap-south-1,dev,4.45,8.31,24,96.0
2026-02-06,i-prod-003,m5.xlarge,us-east-1,prod,62.16,77.06,24,432.0
2026-02-15,i-prod-005,t3.large,ap-south-1,prod,59.93,72.78,24,192.0
2026-04-22,i-prod-004,r5.xlarge,eu-west-1,prod,41.95,56.12,24,576.0
2026-03-11,i-prod-003,m5.xlarge,us-east-1,prod,59.76,67.54,24,432.0
2026-04-12,i-dev-004,t3.medium,eu-west-1,dev,54.1,71.65,4,16.0
2026-04-17,i-test-002,t3.medium,us-east-1,test,70.38,84.72,10,40.0
2026-02-27,i-dev-001,t3.medium,ap-south-1,dev,1.81,4.39,24,96.0
2026-03-01,i-prod-002,m5.xlarge,ap-south-1,prod,62.64,74.94,24,432.0
2026-03-30,i-dev-001,t3.medium,ap-south-1,dev,2.56,3.9,24,96.0
2026-03-16,i-stag-002,t3.medium,us-east-1,staging,33.05,48.66,10,40.0
2026-04-13,i-dev-003,t3.large,us-east-1,dev,,8.18,24,192.0
2026-03-07,i-dev-001,t3.medium,ap-south-1,dev,0.86,4.63,24,96.0
2026-03-03,i-dev-003,t3.large,us-east-1,dev,3.84,9.74,24,192.0
2026-03-21,i-prod-006,m5.xlarge,us-east-1,prod,58.41,72.28,24,432.0
2026-04-27,i-prod-005,t3.large,ap-south-1,prod,59.68,75.0,24,192.0
2026-04-19,i-dev-001,t3.medium,ap-south-1,dev,2.47,4.89,24,96.0
2026-02-04,i-stag-001,t3.large,ap-south-1,staging,46.66,51.89,10,80.0
2026-04-21,i-dev-001,t3.medium,ap-south-1,dev,2.3,3.48,24,96.0
2026-04-24,i-test-002,t3.medium,us-east-1,test,51.48,61.74,10,40.0
2026-04-17,i-dev-004,t3.medium,eu-west-1,dev,38.85,54.91,10,40.0
2026-04-08,i-prod-004,r5.xlarge,eu-west-1,prod,60.42,76.02,24,576.0
2026-04-26,i-test-002,t3.medium,us-east-1,test,44.63,50.22,4,16.0
2026-04-17,i-ml-001,m5.2xlarge,ap-south-1,prod,31.63,96.1,24,864.0
2026-03-23,i-prod-002,m5.xlarge,ap-south-1,prod,45.96,65.09,24,432.0
2026-03-25,i-ml-001,m5.2xlarge,ap-south-1,prod,42.74,93.72,24,864.0
2026-03-01,i-dev-001,t3.medium,ap-south-1,dev,1.49,5.84,24,96.0
2026-02-17,i-prod-001,m5.2xlarge,ap-south-1,prod,74.32,91.9,24,864.0
2026-04-23,i-dev-002,t3.medium,ap-south-1,dev,2.63,4.07,24,96.0
2026-03-28,i-ml-001,m5.2xlarge,ap-south-1,prod,26.9,93.43,24,864.0
2026-03-30,i-prod-001,m5.2xlarge,ap-south-1,prod,48.74,66.08,24,864.0
2026-03-04,i-prod-003,m5.xlarge,us-east-1,prod,46.8,55.21,24,432.0
2026-04-28,i-prod-003,m5.xlarge,us-east-1,prod,43.79,49.39,24,432.0
2026-03-03,i-prod-003,m5.xlarge,us-east-1,prod,61.17,78.74,24,432.0
2026-03-31,i-ml-001,m5.2xlarge,ap-south-1,prod,24.9,82.68,24,864.0
2026-04-24,i-prod-006,m5.xlarge,us-east-1,prod,59.64,72.63,24,432.0
2026-02-11,i-test-001,t3.medium,ap-south-1,test,1.09,5.72,24,96.0
2026-03-31,i-prod-002,m5.xlarge,ap-south-1,prod,30.76,47.32,24,432.0
2026-02-04,i-prod-002,m5.xlarge,ap-south-1,prod,70.14,84.61,24,432.0
2026-03-29,i-prod-006,m5.xlarge,us-east-1,prod,88.92,86.25,24,1728.0
2026-04-16,i-prod-004,r5.xlarge,eu-west-1,prod,56.41,70.13,24,576.0
2026-02-12,i-prod-002,m5.xlarge,ap-south-1,prod,35.76,43.04,24,432.0
2026-04-19,i-stag-002,t3.medium,us-east-1,staging,38.78,51.12,4,16.0
2026-04-27,i-stag-002,t3.medium,us-east-1,staging,48.77,56.18,10,40.0
2026-03-12,i-ml-001,m5.2xlarge,ap-south-1,prod,26.17,93.8,24,864.0
2026-02-28,i-prod-001,m5.2xlarge,ap-south-1,prod,69.19,84.9,24,864.0
2026-03-25,i-stag-002,t3.medium,us-east-1,staging,73.49,86.85,10,40.0
2026-03-21,i-dev-002,t3.medium,ap-south-1,dev,2.53,5.7,24,96.0
2026-04-21,i-prod-004,r5.xlarge,eu-west-1,prod,31.37,39.44,24,576.0
2026-02-28,i-prod-005,t3.large,ap-south-1,prod,62.92,69.15,24,192.0
2026-02-02,i-dev-004,t3.medium,eu-west-1,dev,31.83,45.7,10,40.0
2026-03-16,i-prod-006,m5.xlarge,us-east-1,prod,68.28,81.7,24,432.0
2026-04-09,i-prod-003,m5.xlarge,us-east-1,prod,40.89,56.6,24,432.0
2026-03-10,i-prod-004,r5.xlarge,eu-west-1,prod,36.75,46.62,24,576.0
2026-04-24,i-prod-003,m5.xlarge,us-east-1,prod,55.96,67.92,24,432.0
2026-03-01,i-test-001,t3.medium,ap-south-1,test,3.59,4.25,24,96.0
2026-03-12,i-prod-005,t3.large,ap-south-1,prod,50.72,68.35,24,192.0
2026-03-09,i-test-002,t3.medium,us-east-1,test,36.17,49.2,10,40.0
2026-02-04,i-dev-004,t3.medium,eu-west-1,dev,55.65,62.11,10,40.0
2026-02-07,i-prod-004,r5.xlarge,eu-west-1,prod,33.12,39.63,24,576.0
2026-04-26,i-dev-003,t3.large,us-east-1,dev,3.16,6.19,24,192.0
2026-03-31,i-dev-001,t3.medium,ap-south-1,dev,2.09,3.61,24,96.0
2026-02-21,i-dev-002,t3.medium,ap-south-1,dev,2.77,7.35,24,96.0
2026-02-21,i-prod-002,m5.xlarge,ap-south-1,prod,56.56,66.97,24,432.0
2026-02-19,i-prod-004,r5.xlarge,eu-west-1,prod,47.09,60.94,24,576.0
2026-03-12,i-dev-004,t3.medium,eu-west-1,dev,43.39,56.87,10,40.0
2026-02-20,i-prod-002,m5.xlarge,ap-south-1,prod,69.33,83.29,24,432.0
2026-04-02,i-stag-002,t3.medium,us-east-1,staging,58.83,73.83,10,40.0
2026-03-08,i-prod-006,m5.xlarge,us-east-1,prod,45.57,65.21,24,432.0
2026-02-07,i-dev-001,t3.medium,ap-south-1,dev,3.44,7.46,24,96.0
2026-04-02,i-dev-003,t3.large,us-east-1,dev,5.63,7.46,24,192.0
2026-02-27,i-prod-003,m5.xlarge,us-east-1,prod,47.66,59.86,24,432.0
2026-03-07,i-dev-002,t3.medium,ap-south-1,dev,3.8,7.71,24,96.0
2026-03-12,i-prod-003,m5.xlarge,us-east-1,prod,66.72,84.64,24,432.0
2026-02-15,i-ml-001,m5.2xlarge,ap-south-1,prod,26.21,94.13,24,864.0
2026-03-21,i-ml-001,m5.2xlarge,ap-south-1,prod,,89.81,24,864.0
2026-03-02,i-ml-001,m5.2xlarge,ap-south-1,prod,37.62,83.84,24,864.0
2026-02-10,i-dev-002,t3.medium,ap-south-1,dev,4.38,8.59,24,96.0
2026-03-30,i-stag-002,t3.medium,us-east-1,staging,46.55,52.42,10,40.0
2026-04-03,i-prod-004,r5.xlarge,eu-west-1,prod,55.97,66.33,24,576.0
2026-02-14,i-test-001,t3.medium,ap-south-1,test,2.88,5.24,24,96.0
2026-04-11,i-ml-001,m5.2xlarge,ap-south-1,prod,44.0,91.71,24,864.0
2026-03-31,i-prod-004,r5.xlarge,eu-west-1,prod,43.2,59.8,24,576.0
2026-04-01,i-prod-004,r5.xlarge,eu-west-1,prod,71.29,80.64,24,576.0
2026-03-25,i-test-002,t3.medium,us-east-1,test,54.44,62.85,10,40.0
2026-01-31,i-ml-001,m5.2xlarge,ap-south-1,prod,35.94,96.86,24,864.0
2026-02-13,i-dev-003,t3.large,us-east-1,dev,2.78,10.67,24,192.0
2026-02-20,i-stag-002,t3.medium,us-east-1,staging,62.36,71.81,10,40.0
2026-02-14,i-ml-001,m5.2xlarge,ap-south-1,prod,44.13,82.36,24,864.0
2026-02-18,i-prod-005,t3.large,ap-south-1,prod,38.19,56.11,24,192.0
2026-04-13,i-prod-003,m5.xlarge,us-east-1,prod,69.48,80.32,24,432.0
2026-02-01,i-prod-002,m5.xlarge,ap-south-1,prod,55.26,71.82,24,432.0
2026-02-24,i-stag-002,t3.medium,us-east-1,staging,65.88,80.76,10,40.0
2026-02-13,i-prod-001,m5.2xlarge,ap-south-1,prod,62.1,80.53,24,864.0
2026-04-19,i-prod-005,t3.large,ap-south-1,prod,60.02,76.68,24,192.0
2026-02-16,i-prod-005,t3.large,ap-south-1,prod,62.5,78.3,24,192.0
2026-02-23,i-dev-004,t3.medium,eu-west-1,dev,54.16,68.06,10,40.0
2026-03-25,i-prod-002,m5.xlarge,ap-south-1,prod,42.98,62.4,24,432.0
2026-02-13,i-dev-004,t3.medium,eu-west-1,dev,40.68,47.2,10,40.0
2026-03-12,i-dev-002,t3.medium,ap-south-1,dev,2.52,6.73,24,96.0
2026-03-16,i-prod-004,r5.xlarge,eu-west-1,prod,57.38,67.63,24,576.0
2026-04-05,i-dev-001,t3.medium,ap-south-1,dev,4.23,8.37,24,96.0
2026-02-03,i-dev-003,t3.large,us-east-1,dev,3.74,9.28,24,192.0
2026-04-06,i-prod-004,r5.xlarge,eu-west-1,prod,73.66,85.23,24,576.0
2026-03-01,i-ml-001,m5.2xlarge,ap-south-1,prod,24.24,89.88,24,864.0
2026-04-05,i-dev-004,t3.medium,eu-west-1,dev,42.33,59.44,4,16.0
2026-04-19,i-test-001,t3.medium,ap-south-1,test,1.2,4.04,24,96.0
2026-03-02,i-test-002,t3.medium,us-east-1,test,36.28,41.73,10,40.0
2026-03-23,i-prod-004,r5.xlarge,eu-west-1,prod,30.46,45.0,24,576.0
2026-04-02,i-prod-004,r5.xlarge,eu-west-1,prod,38.55,55.44,24,576.0
2026-02-19,i-test-001,t3.medium,ap-south-1,test,0.57,5.15,24,96.0
2026-02-16,i-prod-005,t3.large,ap-south-1,prod,62.5,78.3,24,192.0
2026-03-15,i-dev-003,t3.large,us-east-1,dev,1.17,1.67,24,192.0
2026-04-02,i-prod-005,t3.large,ap-south-1,prod,72.47,91.87,24,192.0
2026-03-27,i-stag-001,t3.large,ap-south-1,staging,63.9,80.44,10,80.0
2026-02-12,i-prod-004,r5.xlarge,eu-west-1,prod,70.36,82.46,24,576.0
2026-02-02,i-prod-004,r5.xlarge,eu-west-1,prod,42.82,48.37,24,576.0
2026-04-08,i-prod-003,m5.xlarge,us-east-1,prod,30.68,50.16,24,432.0
2026-02-06,i-dev-001,t3.medium,ap-south-1,dev,0.89,3.35,24,96.0
2026-02-09,i-prod-006,m5.xlarge,us-east-1,prod,46.87,56.15,24,432.0
2026-04-04,i-stag-002,t3.medium,us-east-1,staging,64.45,69.45,4,16.0
2026-03-07,i-prod-003,m5.xlarge,us-east-1,prod,39.04,52.08,24,432.0
2026-02-17,i-prod-006,m5.xlarge,us-east-1,prod,71.39,81.59,24,432.0
2026-03-16,i-prod-002,m5.xlarge,ap-south-1,prod,41.54,56.36,24,432.0
2026-03-04,i-dev-004,t3.medium,eu-west-1,dev,40.96,59.86,10,40.0
2026-03-18,i-stag-002,t3.medium,us-east-1,staging,33.57,49.55,10,40.0
2026-04-03,i-prod-001,m5.2xlarge,ap-south-1,prod,71.38,91.28,24,864.0
2026-03-07,i-prod-004,r5.xlarge,eu-west-1,prod,50.27,66.61,24,576.0
2026-03-03,i-test-002,t3.medium,us-east-1,test,49.6,66.87,10,40.0
2026-04-13,i-test-001,t3.medium,ap-south-1,test,0.77,4.6,24,96.0
2026-02-22,i-dev-002,t3.medium,ap-south-1,dev,3.57,5.66,24,96.0
2026-04-07,i-prod-006,m5.xlarge,us-east-1,prod,38.95,50.23,24,432.0
2026-04-12,i-prod-001,m5.2xlarge,ap-south-1,prod,48.71,60.14,24,864.0
2026-04-13,i-prod-004,r5.xlarge,eu-west-1,prod,73.56,79.56,24,576.0
2026-03-22,i-test-001,t3.medium,ap-south-1,test,0.74,3.76,24,96.0
2026-03-02,i-test-001,t3.medium,ap-south-1,test,2.56,5.01,24,96.0
2026-03-12,i-prod-006,m5.xlarge,us-east-1,prod,64.94,79.78,24,432.0
2026-03-06,i-prod-004,r5.xlarge,eu-west-1,prod,74.45,81.5,24,576.0
2026-02-15,i-prod-004,r5.xlarge,eu-west-1,prod,37.36,44.83,24,576.0
2026-04-21,i-prod-002,m5.xlarge,ap-south-1,prod,56.86,76.85,24,432.0
2026-03-13,i-test-002,t3.medium,us-east-1,test,32.92,46.62,10,40.0
2026-03-20,i-dev-002,t3.medium,ap-south-1,dev,4.11,8.37,24,96.0
2026-04-26,i-dev-002,t3.medium,ap-south-1,dev,3.83,6.53,24,96.0
2026-02-26,i-prod-001,m5.2xlarge,ap-south-1,prod,39.93,46.17,24,864.0
2026-03-20,i-prod-003,m5.xlarge,us-east-1,prod,66.22,71.49,24,432.0
2026-02-02,i-dev-002,t3.medium,ap-south-1,dev,3.03,5.71,24,96.0
2026-03-10,i-prod-001,m5.2xlarge,ap-south-1,prod,66.07,85.46,24,864.0
2026-03-22,i-stag-001,t3.large,ap-south-1,staging,61.6,81.49,4,32.0
2026-02-06,i-prod-005,t3.large,ap-south-1,prod,57.53,68.82,24,192.0
2026-03-30,i-prod-002,m5.xlarge,ap-south-1,prod,39.54,54.4,24,432.0
2026-03-08,i-stag-001,t3.large,ap-south-1,staging,67.01,74.0,4,32.0
2026-04-07,i-prod-003,m5.xlarge,us-east-1,prod,49.47,64.76,24,432.0
2026-04-21,i-stag-001,t3.large,ap-south-1,staging,31.57,44.84,10,80.0
2026-04-07,i-prod-002,m5.xlarge,ap-south-1,prod,33.08,49.83,24,432.0
2026-04-15,i-ml-001,m5.2xlarge,ap-south-1,prod,36.36,84.41,24,864.0
2026-02-18,i-prod-002,m5.xlarge,ap-south-1,prod,55.42,61.4,24,432.0
2026-04-27,i-dev-002,t3.medium,ap-south-1,dev,0.84,2.8,24,96.0
2026-03-11,i-test-002,t3.medium,us-east-1,test,40.11,50.69,10,40.0
2026-04-07,i-prod-001,m5.2xlarge,ap-south-1,prod,45.03,61.02,24,864.0
2026-03-05,i-prod-004,r5.xlarge,eu-west-1,prod,53.63,69.27,24,576.0
2026-04-14,i-dev-002,t3.medium,ap-south-1,dev,2.03,6.14,24,96.0
2026-02-10,i-prod-006,m5.xlarge,us-east-1,prod,57.6,68.88,24,432.0
2026-04-08,i-dev-003,t3.large,us-east-1,dev,3.25,10.91,24,192.0
2026-02-22,i-stag-001,t3.large,ap-south-1,staging,65.95,85.91,4,32.0
2026-02-12,i-ml-001,m5.2xlarge,ap-south-1,prod,38.69,80.7,24,864.0
2026-04-24,i-dev-004,t3.medium,eu-west-1,dev,57.63,66.42,10,40.0
2026-02-08,i-prod-006,m5.xlarge,us-east-1,prod,65.62,82.47,24,432.0
2026-04-05,i-prod-005,t3.large,ap-south-1,prod,56.27,75.55,24,192.0
2026-03-31,i-prod-005,t3.large,ap-south-1,prod,,56.24,24,192.0
2026-02-28,i-prod-004,r5.xlarge,eu-west-1,prod,50.35,65.01,24,576.0
2026-02-23,i-stag-002,t3.medium,us-east-1,staging,73.61,91.87,10,40.0
2026-02-12,i-prod-005,t3.large,ap-south-1,prod,37.75,45.64,24,192.0
2026-04-03,i-dev-001,t3.medium,ap-south-1,dev,1.2,5.53,24,96.0
2026-02-22,i-prod-002,m5.xlarge,ap-south-1,prod,32.94,42.67,24,432.0
2026-02-22,i-prod-002,m5.xlarge,ap-south-1,prod,32.94,42.67,24,432.0
2026-01-30,i-dev-003,t3.large,us-east-1,dev,4.04,5.4,24,192.0
2026-02-08,i-test-001,t3.medium,ap-south-1,test,4.45,6.32,24,96.0
2026-02-26,i-stag-001,t3.large,ap-south-1,staging,31.4,46.18,10,80.0
2026-02-17,i-test-001,t3.medium,ap-south-1,test,0.84,5.83,24,96.0
2026-02-18,i-test-002,t3.medium,us-east-1,test,60.06,68.14,10,40.0
2026-04-02,i-stag-001,t3.large,ap-south-1,staging,51.46,67.24,10,80.0
2026-02-18,i-stag-001,t3.large,ap-south-1,staging,48.39,53.77,10,80.0
2026-04-17,i-test-001,t3.medium,ap-south-1,test,3.71,8.7,24,96.0
2026-04-22,i-stag-002,t3.medium,us-east-1,staging,62.22,77.82,10,40.0
2026-02-26,i-dev-001,t3.medium,ap-south-1,dev,1.24,5.59,24,96.0
2026-02-27,i-prod-006,m5.xlarge,us-east-1,prod,34.72,43.35,24,432.0
2026-03-01,i-dev-004,t3.medium,eu-west-1,dev,41.62,56.47,4,16.0
2026-03-14,i-prod-006,m5.xlarge,us-east-1,prod,33.99,42.3,24,432.0
2026-04-23,i-prod-006,m5.xlarge,us-east-1,prod,70.3,88.94,24,432.0
2026-02-27,i-test-001,t3.medium,ap-south-1,test,1.17,1.69,24,96.0
2026-02-08,i-prod-001,m5.2xlarge,ap-south-1,prod,70.3,81.14,24,864.0
2026-04-05,i-dev-003,t3.large,us-east-1,dev,4.47,10.3,24,192.0
2026-04-17,i-stag-001,t3.large,ap-south-1,staging,71.46,85.21,10,80.0
2026-04-18,i-stag-002,t3.medium,us-east-1,staging,65.92,75.82,4,16.0
2026-03-07,i-test-001,t3.medium,ap-south-1,test,2.72,4.24,24,96.0
2026-04-21,i-prod-005,t3.large,ap-south-1,prod,52.98,67.2,24,192.0
2026-03-08,i-prod-004,r5.xlarge,eu-west-1,prod,65.55,75.12,24,576.0
2026-02-09,i-dev-001,t3.medium,ap-south-1,dev,2.61,7.58,24,96.0
2026-04-29,i-test-001,t3.medium,ap-south-1,test,1.66,4.0,24,96.0
2026-03-14,i-dev-002,t3.medium,ap-south-1,dev,3.86,5.78,24,96.0
2026-04-02,i-test-002,t3.medium,us-east-1,test,31.31,43.53,10,40.0
2026-04-19,i-prod-003,m5.xlarge,us-east-1,prod,67.01,72.86,24,432.0
2026-04-23,i-test-001,t3.medium,ap-south-1,test,4.11,5.83,24,96.0
2026-02-27,i-test-002,t3.medium,us-east-1,test,61.79,67.27,10,40.0
2026-03-30,i-prod-006,m5.xlarge,us-east-1,prod,79.34,90.53,24,1728.0
2026-03-06,i-dev-002,t3.medium,ap-south-1,dev,1.41,3.18,24,96.0
2026-03-30,i-prod-005,t3.large,ap-south-1,prod,59.32,75.4,24,192.0
2026-04-27,i-dev-001,t3.medium,ap-south-1,dev,2.17,5.96,24,96.0
2026-03-23,i-prod-006,m5.xlarge,us-east-1,prod,35.43,53.96,24,432.0
2026-02-05,i-stag-001,t3.large,ap-south-1,staging,42.89,56.76,10,80.0
2026-02-26,i-dev-003,t3.large,us-east-1,dev,4.13,5.18,24,192.0
2026-02-22,i-prod-006,m5.xlarge,us-east-1,prod,69.36,82.3,24,432.0
2026-03-06,i-dev-003,t3.large,us-east-1,dev,3.6,4.14,24,192.0
2026-04-11,i-prod-001,m5.2xlarge,ap-south-1,prod,52.75,71.87,24,864.0
2026-02-09,i-stag-001,t3.large,ap-south-1,staging,40.06,59.51,10,80.0
2026-04-25,i-prod-002,m5.xlarge,ap-south-1,prod,67.84,76.16,24,432.0
2026-03-11,i-ml-001,m5.2xlarge,ap-south-1,prod,30.99,91.65,24,864.0
2026-03-18,i-prod-006,m5.xlarge,us-east-1,prod,37.3,42.49,24,432.0
2026-02-23,i-dev-003,t3.large,us-east-1,dev,5.08,6.87,24,192.0
2026-03-06,i-prod-002,m5.xlarge,ap-south-1,prod,57.32,70.52,24,432.0
2026-04-12,i-prod-002,m5.xlarge,ap-south-1,prod,61.34,76.87,24,432.0
2026-03-04,i-dev-001,t3.medium,ap-south-1,dev,3.56,7.62,24,96.0
2026-04-11,i-prod-002,m5.xlarge,ap-south-1,prod,34.62,45.51,24,432.0
2026-02-25,i-prod-005,t3.large,ap-south-1,prod,58.47,77.45,24,192.0
2026-03-10,i-dev-002,t3.medium,ap-south-1,dev,2.35,5.53,24,96.0
2026-02-19,i-dev-001,t3.medium,ap-south-1,dev,2.2,2.31,24,96.0
2026-04-04,i-prod-006,m5.xlarge,us-east-1,prod,69.41,82.5,24,432.0
2026-04-19,i-stag-001,t3.large,ap-south-1,staging,74.53,92.87,4,32.0
2026-04-15,i-dev-001,t3.medium,ap-south-1,dev,2.81,3.14,24,96.0
2026-03-19,i-prod-003,m5.xlarge,us-east-1,prod,58.54,65.43,24,432.0
2026-04-01,i-stag-002,t3.medium,us-east-1,staging,53.83,62.46,10,40.0
2026-03-15,i-prod-002,m5.xlarge,ap-south-1,prod,51.73,58.74,24,432.0
2026-02-22,i-stag-002,t3.medium,us-east-1,staging,64.52,75.55,4,16.0
2026-02-07,i-prod-005,t3.large,ap-south-1,prod,34.25,49.5,24,192.0
2026-02-10,i-test-002,t3.medium,us-east-1,test,64.6,83.78,10,40.0
2026-02-18,i-prod-003,m5.xlarge,us-east-1,prod,50.4,63.26,24,432.0
2026-04-27,i-ml-001,m5.2xlarge,ap-south-1,prod,30.49,80.96,24,864.0
2026-04-15,i-test-002,t3.medium,us-east-1,test,65.27,78.76,10,40.0
2026-02-18,i-dev-002,t3.medium,ap-south-1,dev,0.58,1.1,24,96.0
2026-03-27,i-dev-003,t3.large,us-east-1,dev,2.74,3.63,24,192.0
2026-03-19,i-stag-002,t3.medium,us-east-1,staging,39.57,45.07,10,40.0
2026-02-24,i-prod-006,m5.xlarge,us-east-1,prod,67.11,77.33,24,432.0
2026-03-25,i-dev-001,t3.medium,ap-south-1,dev,2.82,3.52,24,96.0
2026-04-06,i-prod-001,m5.2xlarge,ap-south-1,prod,47.12,54.57,24,864.0
2026-02-04,i-test-002,t3.medium,us-east-1,test,69.48,85.59,10,40.0
2026-04-27,i-test-001,t3.medium,ap-south-1,test,3.84,8.71,24,96.0
2026-04-01,i-dev-001,t3.medium,ap-south-1,dev,3.22,3.6,24,96.0
2026-03-07,i-test-002,t3.medium,us-east-1,test,50.12,64.13,4,16.0
2026-04-28,i-dev-003,t3.large,us-east-1,dev,1.42,3.11,24,192.0
2026-03-23,i-stag-002,t3.medium,us-east-1,staging,48.99,58.42,10,40.0
2026-03-09,i-ml-001,m5.2xlarge,ap-south-1,prod,20.3,84.58,24,864.0
2026-04-05,i-stag-002,t3.medium,us-east-1,staging,53.12,65.76,4,16.0
2026-03-28,i-dev-002,t3.medium,ap-south-1,dev,2.71,5.31,24,96.0
2026-02-18,i-prod-006,m5.xlarge,us-east-1,prod,46.8,55.86,24,432.0
2026-02-18,i-prod-001,m5.2xlarge,ap-south-1,prod,38.58,44.13,24,864.0
2026-03-17,i-dev-004,t3.medium,eu-west-1,dev,61.32,78.21,10,40.0
2026-04-28,i-prod-004,r5.xlarge,eu-west-1,prod,47.9,67.5,24,576.0
2026-03-03,i-prod-006,m5.xlarge,us-east-1,prod,71.89,87.24,24,432.0
2026-03-21,i-prod-005,t3.large,ap-south-1,prod,70.16,81.81,24,192.0
2026-02-16,i-dev-004,t3.medium,eu-west-1,dev,61.35,80.19,10,40.0
2026-02-20,i-test-001,t3.medium,ap-south-1,test,3.58,4.12,24,96.0
2026-02-22,i-prod-004,r5.xlarge,eu-west-1,prod,69.87,84.11,24,576.0
2026-04-02,i-dev-002,t3.medium,ap-south-1,dev,0.55,0.59,24,96.0
2026-02-02,i-ml-001,m5.2xlarge,ap-south-1,prod,29.67,97.8,24,864.0
2026-03-22,i-stag-002,t3.medium,us-east-1,staging,42.36,53.28,4,16.0
2026-04-26,i-prod-002,m5.xlarge,ap-south-1,prod,67.23,72.86,24,432.0
2026-02-28,i-test-001,t3.medium,ap-south-1,test,2.35,6.69,24,96.0
2026-03-30,i-ml-001,m5.2xlarge,ap-south-1,prod,27.8,94.71,24,864.0
2026-03-27,i-prod-003,m5.xlarge,us-east-1,prod,,58.84,24,432.0
2026-03-24,i-dev-001,t3.medium,ap-south-1,dev,2.32,5.76,24,96.0
2026-03-29,i-test-001,t3.medium,ap-south-1,test,4.33,6.83,24,96.0
2026-04-20,i-dev-004,t3.medium,eu-west-1,dev,45.8,52.21,10,40.0
2026-02-21,i-prod-004,r5.xlarge,eu-west-1,prod,50.07,57.85,24,576.0
2026-03-13,i-stag-001,t3.large,ap-south-1,staging,44.71,51.95,10,80.0
2026-04-02,i-prod-001,m5.2xlarge,ap-south-1,prod,62.03,81.74,24,864.0
2026-03-30,i-dev-002,t3.medium,ap-south-1,dev,0.56,2.45,24,96.0
2026-03-19,i-prod-005,t3.large,ap-south-1,prod,37.87,55.71,24,192.0
2026-03-03,i-ml-001,m5.2xlarge,ap-south-1,prod,33.61,80.11,24,864.0
2026-03-02,i-stag-001,t3.large,ap-south-1,staging,32.57,45.54,10,80.0
2026-04-09,i-prod-005,t3.large,ap-south-1,prod,30.62,39.34,24,192.0
2026-03-26,i-prod-002,m5.xlarge,ap-south-1,prod,35.62,52.53,24,432.0
2026-02-25,i-dev-001,t3.medium,ap-south-1,dev,0.68,5.04,24,96.0
2026-04-04,i-prod-004,r5.xlarge,eu-west-1,prod,67.61,77.6,24,576.0
2026-03-06,i-dev-004,t3.medium,eu-west-1,dev,40.52,53.62,10,40.0
2026-02-20,i-test-002,t3.medium,us-east-1,test,62.77,75.2,10,40.0
2026-02-05,i-dev-003,t3.large,us-east-1,dev,1.26,5.51,24,192.0
2026-02-20,i-prod-004,r5.xlarge,eu-west-1,prod,48.84,59.59,24,576.0
2026-04-10,i-stag-002,t3.medium,us-east-1,staging,41.71,49.1,10,40.0
2026-02-04,i-dev-001,t3.medium,ap-south-1,dev,3.91,5.38,24,96.0
2026-02-07,i-dev-002,t3.medium,ap-south-1,dev,1.21,4.96,24,96.0
2026-04-29,i-stag-001,t3.large,ap-south-1,staging,67.17,82.27,10,80.0
2026-01-30,i-test-001,t3.medium,ap-south-1,test,1.72,2.21,24,96.0
2026-03-07,i-dev-004,t3.medium,eu-west-1,dev,46.21,52.52,4,16.0
2026-02-10,i-stag-001,t3.large,ap-south-1,staging,68.97,74.65,10,80.0
2026-03-20,i-prod-005,t3.large,ap-south-1,prod,42.67,60.76,24,192.0
2026-04-23,i-dev-003,t3.large,us-east-1,dev,2.5,7.27,24,192.0
2026-02-16,i-prod-006,m5.xlarge,us-east-1,prod,61.23,74.37,24,432.0
2026-04-28,i-test-002,t3.medium,us-east-1,test,37.26,50.84,10,40.0
2026-03-17,i-dev-003,t3.large,us-east-1,dev,5.58,9.84,24,192.0
2026-04-01,i-prod-005,t3.large,ap-south-1,prod,70.06,85.67,24,192.0
2026-04-15,i-prod-003,m5.xlarge,us-east-1,prod,49.46,54.92,24,432.0
2026-03-26,i-test-002,t3.medium,us-east-1,test,58.2,77.09,10,40.0
2026-02-21,i-prod-003,m5.xlarge,us-east-1,prod,71.28,78.33,24,432.0
2026-02-22,i-dev-003,t3.large,us-east-1,dev,4.69,6.6,24,192.0
2026-02-08,i-prod-004,r5.xlarge,eu-west-1,prod,58.43,70.16,24,576.0
2026-02-24,i-stag-001,t3.large,ap-south-1,staging,55.46,64.46,10,80.0
2026-02-18,i-stag-002,t3.medium,us-east-1,staging,62.22,77.1,10,40.0
2026-04-14,i-prod-005,t3.large,ap-south-1,prod,58.46,65.8,24,192.0
2026-03-05,i-prod-005,t3.large,ap-south-1,prod,55.53,64.38,24,192.0
2026-02-08,i-stag-001,t3.large,ap-south-1,staging,52.25,58.11,4,32.0
2026-03-17,i-ml-001,m5.2xlarge,ap-south-1,prod,24.61,96.99,24,864.0
2026-04-10,i-prod-005,t3.large,ap-south-1,prod,43.55,56.09,24,192.0
2026-03-09,i-prod-002,m5.xlarge,ap-south-1,prod,50.69,56.56,24,432.0
2026-02-08,i-prod-005,t3.large,ap-south-1,prod,44.79,59.88,24,192.0
2026-04-19,i-ml-001,m5.2xlarge,ap-south-1,prod,33.82,87.07,24,864.0
2026-04-10,i-dev-001,t3.medium,ap-south-1,dev,0.78,1.71,24,96.0
2026-02-13,i-ml-001,m5.2xlarge,ap-south-1,prod,22.01,89.97,24,864.0
2026-03-06,i-prod-005,t3.large,ap-south-1,prod,48.19,59.62,24,192.0
2026-02-17,i-prod-005,t3.large,ap-south-1,prod,45.01,55.98,24,192.0
2026-02-20,i-dev-001,t3.medium,ap-south-1,dev,2.4,5.72,24,96.0
2026-03-09,i-test-001,t3.medium,ap-south-1,test,0.58,1.88,24,96.0
2026-02-26,i-prod-005,t3.large,ap-south-1,prod,42.34,62.1,24,192.0
2026-02-20,i-dev-003,t3.large,us-east-1,dev,2.31,7.07,24,192.0
2026-03-11,i-dev-003,t3.large,us-east-1,dev,5.9,10.71,24,192.0
2026-02-18,i-ml-001,m5.2xlarge,ap-south-1,prod,42.41,80.25,24,864.0
2026-03-29,i-prod-003,m5.xlarge,us-east-1,prod,46.21,55.27,24,432.0
2026-03-18,i-dev-003,t3.large,us-east-1,dev,5.11,8.78,24,192.0
2026-04-01,i-prod-003,m5.xlarge,us-east-1,prod,60.34,69.23,24,432.0
2026-04-24,i-dev-003,t3.large,us-east-1,dev,4.46,8.12,24,192.0
2026-04-09,i-stag-001,t3.large,ap-south-1,staging,50.65,66.64,10,80.0
2026-03-15,i-prod-005,t3.large,ap-south-1,prod,57.46,64.49,24,192.0
2026-03-23,i-test-001,t3.medium,ap-south-1,test,1.73,5.67,24,96.0
2026-03-27,i-test-001,t3.medium,ap-south-1,test,2.59,4.09,24,96.0
2026-04-19,i-dev-003,t3.large,us-east-1,dev,2.64,6.27,24,192.0
2026-03-12,i-stag-001,t3.large,ap-south-1,staging,54.53,74.3,10,80.0
2026-04-04,i-dev-001,t3.medium,ap-south-1,dev,2.59,2.86,24,96.0
2026-03-15,i-prod-006,m5.xlarge,us-east-1,prod,59.56,78.91,24,432.0
2026-04-09,i-prod-006,m5.xlarge,us-east-1,prod,42.19,50.9,24,432.0
2026-03-20,i-dev-001,t3.medium,ap-south-1,dev,1.7,5.42,24,96.0
2026-03-12,i-prod-001,m5.2xlarge,ap-south-1,prod,40.83,47.65,24,864.0
2026-03-30,i-prod-003,m5.xlarge,us-east-1,prod,69.61,77.84,24,432.0
2026-03-12,i-test-002,t3.medium,us-east-1,test,,49.13,10,40.0
2026-04-13,i-dev-004,t3.medium,eu-west-1,dev,66.2,82.79,10,40.0
2026-03-02,i-prod-003,m5.xlarge,us-east-1,prod,37.54,43.09,24,432.0
2026-02-20,i-stag-001,t3.large,ap-south-1,staging,47.52,56.85,10,80.0
2026-01-30,i-prod-006,m5.xlarge,us-east-1,prod,38.25,47.82,24,432.0
2026-04-13,i-stag-002,t3.medium,us-east-1,staging,46.76,52.79,10,40.0
2026-03-18,i-stag-001,t3.large,ap-south-1,staging,53.73,69.52,10,80.0
2026-04-12,i-test-001,t3.medium,ap-south-1,test,3.87,6.3,24,96.0
2026-04-20,i-prod-004,r5.xlarge,eu-west-1,prod,73.65,87.22,24,576.0
2026-02-01,i-dev-002,t3.medium,ap-south-1,dev,1.25,5.71,24,96.0
2026-02-01,i-prod-001,m5.2xlarge,ap-south-1,prod,35.38,51.08,24,864.0
2026-02-15,i-prod-003,m5.xlarge,us-east-1,prod,36.29,53.22,24,432.0
2026-03-21,i-prod-003,m5.xlarge,us-east-1,prod,53.29,64.74,24,432.0
2026-04-29,i-prod-005,t3.large,ap-south-1,prod,70.31,79.77,24,192.0
2026-02-08,i-prod-002,m5.xlarge,ap-south-1,prod,70.74,77.11,24,432.0
2026-02-19,i-dev-003,t3.large,us-east-1,dev,1.7,8.38,24,192.0
2026-04-16,i-prod-003,m5.xlarge,us-east-1,prod,55.35,69.72,24,432.0
2026-04-09,i-ml-001,m5.2xlarge,ap-south-1,prod,36.66,94.96,24,864.0
2026-03-23,i-prod-003,m5.xlarge,us-east-1,prod,60.54,70.97,24,432.0
2026-04-20,i-dev-002,t3.medium,ap-south-1,dev,3.98,7.95,24,96.0
2026-03-14,i-stag-001,t3.large,ap-south-1,staging,63.1,83.08,4,32.0
2026-02-26,i-prod-001,m5.2xlarge,ap-south-1,prod,39.93,46.17,24,864.0
2026-03-08,i-dev-004,t3.medium,eu-west-1,dev,73.34,86.58,4,16.0
2026-01-30,i-prod-004,r5.xlarge,eu-west-1,prod,61.86,67.17,24,576.0
2026-02-06,i-stag-001,t3.large,ap-south-1,staging,35.22,40.91,10,80.0
2026-04-23,i-ml-001,m5.2xlarge,ap-south-1,prod,34.17,92.48,24,864.0
2026-04-18,i-dev-004,t3.medium,eu-west-1,dev,45.42,63.39,4,16.0
2026-03-29,i-dev-002,t3.medium,ap-south-1,dev,3.54,8.3,24,96.0
2026-04-09,i-dev-004,t3.medium,eu-west-1,dev,53.47,59.49,10,40.0
2026-04-23,i-prod-003,m5.xlarge,us-east-1,prod,66.78,83.14,24,432.0
2026-04-15,i-prod-004,r5.xlarge,eu-west-1,prod,31.52,49.7,24,576.0
2026-02-24,i-prod-002,m5.xlarge,ap-south-1,prod,46.77,55.67,24,432.0
2026-03-13,i-prod-001,m5.2xlarge,ap-south-1,prod,34.46,45.49,24,864.0
2026-03-01,i-prod-004,r5.xlarge,eu-west-1,prod,56.66,75.34,24,576.0
2026-03-28,i-test-001,t3.medium,ap-south-1,test,0.72,4.46,24,96.0
2026-02-19,i-ml-001,m5.2xlarge,ap-south-1,prod,36.29,95.77,24,864.0
2026-02-28,i-stag-002,t3.medium,us-east-1,staging,38.2,55.04,4,16.0
2026-02-20,i-prod-005,t3.large,ap-south-1,prod,32.11,39.61,24,192.0
2026-03-18,i-prod-001,m5.2xlarge,ap-south-1,prod,36.84,48.45,24,864.0
2026-02-27,i-prod-005,t3.large,ap-south-1,prod,65.09,70.69,24,192.0
2026-03-20,i-dev-004,t3.medium,eu-west-1,dev,33.55,42.15,10,40.0
2026-04-20,i-dev-003,t3.large,us-east-1,dev,4.75,5.97,24,192.0
2026-04-14,i-stag-002,t3.medium,us-east-1,staging,49.12,67.74,10,40.0
2026-03-05,i-test-001,t3.medium,ap-south-1,test,3.17,3.65,24,96.0
2026-02-14,i-prod-003,m5.xlarge,us-east-1,prod,41.61,49.17,24,432.0
2026-03-10,i-test-001,t3.medium,ap-south-1,test,3.45,6.01,24,96.0
2026-03-16,i-prod-005,t3.large,ap-south-1,prod,36.81,45.19,24,192.0
2026-03-25,i-dev-003,t3.large,us-east-1,dev,5.97,13.01,24,192.0
2026-03-09,i-dev-002,t3.medium,ap-south-1,dev,1.28,3.12,24,96.0
2026-02-03,i-stag-001,t3.large,ap-south-1,staging,69.92,86.62,10,80.0
2026-04-08,i-test-001,t3.medium,ap-south-1,test,,4.92,24,96.0
2026-03-26,i-prod-004,r5.xlarge,eu-west-1,prod,50.82,70.54,24,576.0
2026-02-13,i-prod-002,m5.xlarge,ap-south-1,prod,53.95,60.55,24,432.0
2026-03-28,i-prod-005,t3.large,ap-south-1,prod,57.16,67.52,24,192.0
2026-03-24,i-test-002,t3.medium,us-east-1,test,43.02,61.52,10,40.0
2026-03-10,i-ml-001,m5.2xlarge,ap-south-1,prod,21.8,81.35,24,864.0
2026-03-20,i-stag-001,t3.large,ap-south-1,staging,40.89,46.07,10,80.0
2026-04-04,i-ml-001,m5.2xlarge,ap-south-1,prod,40.42,83.45,24,864.0
2026-04-22,i-prod-001,m5.2xlarge,ap-south-1,prod,67.21,80.08,24,864.0
2026-03-28,i-prod-001,m5.2xlarge,ap-south-1,prod,43.29,51.77,24,864.0
2026-04-19,i-prod-001,m5.2xlarge,ap-south-1,prod,58.08,67.18,24,864.0
2026-03-07,i-ml-001,m5.2xlarge,ap-south-1,prod,42.98,89.44,24,864.0
2026-04-22,i-prod-002,m5.xlarge,ap-south-1,prod,40.55,50.73,24,432.0
2026-03-29,i-prod-004,r5.xlarge,eu-west-1,prod,44.1,60.93,24,576.0
2026-04-25,i-prod-004,r5.xlarge,eu-west-1,prod,50.66,60.21,24,576.0
2026-04-01,i-prod-001,m5.2xlarge,ap-south-1,prod,65.16,78.83,24,864.0
2026-02-17,i-prod-004,r5.xlarge,eu-west-1,prod,,62.13,24,576.0
2026-03-11,i-prod-006,m5.xlarge,us-east-1,prod,73.55,82.99,24,432.0
2026-02-23,i-prod-003,m5.xlarge,us-east-1,prod,57.6,65.11,24,432.0
2026-01-30,i-prod-003,m5.xlarge,us-east-1,prod,32.61,50.61,24,432.0
2026-01-30,i-stag-001,t3.large,ap-south-1,staging,49.44,58.81,10,80.0
2026-02-19,i-dev-004,t3.medium,eu-west-1,dev,53.66,61.23,10,40.0
2026-04-21,i-prod-006,m5.xlarge,us-east-1,prod,52.94,65.46,24,432.0
2026-04-11,i-prod-006,m5.xlarge,us-east-1,prod,37.22,52.32,24,432.0
2026-04-09,i-prod-002,m5.xlarge,ap-south-1,prod,56.53,70.72,24,432.0
2026-02-13,i-prod-006,m5.xlarge,us-east-1,prod,70.07,83.98,24,432.0
2026-04-09,i-test-001,t3.medium,ap-south-1,test,4.18,7.11,24,96.0
2026-01-31,i-test-001,t3.medium,ap-south-1,test,2.99,4.65,24,96.0
2026-04-11,i-dev-001,t3.medium,ap-south-1,dev,3.43,6.0,24,96.0
2026-03-19,i-prod-004,r5.xlarge,eu-west-1,prod,44.63,59.92,24,576.0
2026-03-08,i-test-001,t3.medium,ap-south-1,test,2.23,3.79,24,96.0
2026-04-20,i-ml-001,m5.2xlarge,ap-south-1,prod,31.7,88.86,24,864.0
2026-03-17,i-prod-002,m5.xlarge,ap-south-1,prod,69.5,87.7,24,432.0
2026-03-18,i-prod-004,r5.xlarge,eu-west-1,prod,74.28,89.3,24,576.0
2026-02-16,i-prod-002,m5.xlarge,ap-south-1,prod,45.39,62.71,24,432.0
2026-01-31,i-dev-003,t3.large,us-east-1,dev,4.65,10.82,24,192.0
2026-02-21,i-stag-001,t3.large,ap-south-1,staging,41.24,53.58,4,32.0
2026-02-02,i-prod-003,m5.xlarge,us-east-1,prod,41.33,53.79,24,432.0
2026-02-06,i-prod-002,m5.xlarge,ap-south-1,prod,37.04,45.79,24,432.0
2026-02-22,i-prod-005,t3.large,ap-south-1,prod,31.1,49.15,24,192.0
2026-02-02,i-dev-003,t3.large,us-east-1,dev,5.18,7.74,24,192.0
2026-03-16,i-prod-003,m5.xlarge,us-east-1,prod,55.44,67.4,24,432.0
2026-02-13,i-prod-004,r5.xlarge,eu-west-1,prod,46.98,52.28,24,576.0
2026-02-07,i-prod-001,m5.2xlarge,ap-south-1,prod,47.47,62.12,24,864.0
2026-03-30,i-test-002,t3.medium,us-east-1,test,73.36,86.14,10,40.0
2026-03-12,i-prod-004,r5.xlarge,eu-west-1,prod,71.35,80.14,24,576.0
2026-02-03,i-test-001,t3.medium,ap-south-1,test,1.8,5.53,24,96.0
2026-03-18,i-dev-004,t3.medium,eu-west-1,dev,52.24,69.66,10,40.0
2026-04-16,i-dev-001,t3.medium,ap-south-1,dev,4.42,7.67,24,96.0
2026-02-02,i-prod-001,m5.2xlarge,ap-south-1,prod,44.54,57.33,24,864.0
2026-04-07,i-stag-001,t3.large,ap-south-1,staging,34.56,43.73,10,80.0
2026-03-05,i-test-002,t3.medium,us-east-1,test,50.33,64.13,10,40.0
2026-04-23,i-stag-001,t3.large,ap-south-1,staging,61.1,70.17,10,80.0
2026-03-19,i-prod-001,m5.2xlarge,ap-south-1,prod,59.3,73.62,24,864.0
2026-03-15,i-stag-001,t3.large,ap-south-1,staging,32.57,41.8,4,32.0
2026-03-06,i-dev-001,t3.medium,ap-south-1,dev,4.08,5.04,24,96.0
2026-03-02,i-prod-001,m5.2xlarge,ap-south-1,prod,67.3,78.76,24,864.0
2026-04-20,i-dev-001,t3.medium,ap-south-1,dev,,2.81,24,96.0
2026-04-18,i-prod-001,m5.2xlarge,ap-south-1,prod,45.09,51.09,24,864.0
2026-03-21,i-test-001,t3.medium,ap-south-1,test,4.39,6.04,24,96.0
2026-02-03,i-prod-001,m5.2xlarge,ap-south-1,prod,45.35,52.05,24,864.0
2026-02-05,i-prod-003,m5.xlarge,us-east-1,prod,65.92,80.67,24,432.0
2026-03-10,i-prod-006,m5.xlarge,us-east-1,prod,50.68,67.45,24,432.0
2026-02-11,i-ml-001,m5.2xlarge,ap-south-1,prod,32.32,86.25,24,864.0
2026-02-17,i-dev-003,t3.large,us-east-1,dev,1.07,6.37,24,192.0
2026-02-22,i-ml-001,m5.2xlarge,ap-south-1,prod,36.99,84.15,24,864.0
2026-03-05,i-dev-002,t3.medium,ap-south-1,dev,2.14,6.34,24,96.0
2026-04-09,i-stag-002,t3.medium,us-east-1,staging,60.28,66.5,10,40.0
2026-04-28,i-stag-002,t3.medium,us-east-1,staging,66.25,74.62,10,40.0
2026-02-11,i-prod-003,m5.xlarge,us-east-1,prod,35.11,50.18,24,432.0
2026-02-06,i-prod-006,m5.xlarge,us-east-1,prod,46.02,62.39,24,432.0
2026-03-31,i-dev-003,t3.large,us-east-1,dev,4.74,8.53,24,192.0
2026-03-22,i-prod-001,m5.2xlarge,ap-south-1,prod,30.34,38.63,24,864.0
2026-02-12,i-dev-002,t3.medium,ap-south-1,dev,3.01,3.42,24,96.0
2026-04-14,i-dev-003,t3.large,us-east-1,dev,4.98,7.16,24,192.0
2026-02-02,i-stag-002,t3.medium,us-east-1,staging,60.25,76.67,10,40.0
2026-03-07,i-prod-006,m5.xlarge,us-east-1,prod,40.56,51.55,24,432.0
2026-04-28,i-dev-002,t3.medium,ap-south-1,dev,2.3,3.99,24,96.0
2026-04-29,i-stag-002,t3.medium,us-east-1,staging,47.86,55.21,10,40.0
2026-04-02,i-dev-001,t3.medium,ap-south-1,dev,2.76,6.62,24,96.0
2026-03-13,i-prod-005,t3.large,ap-south-1,prod,64.24,69.77,24,192.0
2026-02-11,i-prod-004,r5.xlarge,eu-west-1,prod,64.75,77.56,24,576.0
2026-02-08,i-prod-003,m5.xlarge,us-east-1,prod,72.75,92.01,24,432.0
2026-03-25,i-prod-004,r5.xlarge,eu-west-1,prod,36.94,50.24,24,576.0
2026-02-04,i-prod-006,m5.xlarge,us-east-1,prod,72.32,91.63,24,432.0
2026-04-14,i-prod-003,m5.xlarge,us-east-1,prod,70.87,87.25,24,432.0
2026-04-27,i-prod-002,m5.xlarge,ap-south-1,prod,60.2,77.28,24,432.0
2026-03-07,i-prod-002,m5.xlarge,ap-south-1,prod,73.09,80.72,24,432.0
2026-03-12,i-stag-002,t3.medium,us-east-1,staging,31.94,39.42,10,40.0
2026-03-03,i-prod-001,m5.2xlarge,ap-south-1,prod,73.65,80.05,24,864.0
2026-02-10,i-prod-001,m5.2xlarge,ap-south-1,prod,45.9,59.66,24,864.0
2026-02-15,i-dev-001,t3.medium,ap-south-1,dev,1.43,5.93,24,96.0
2026-02-19,i-stag-002,t3.medium,us-east-1,staging,51.93,70.35,10,40.0
2026-04-05,i-dev-002,t3.medium,ap-south-1,dev,3.36,5.67,24,96.0
2026-04-16,i-prod-001,m5.2xlarge,ap-south-1,prod,64.4,78.75,24,864.0
2026-02-21,i-prod-005,t3.large,ap-south-1,prod,69.28,85.27,24,192.0
2026-02-05,i-stag-002,t3.medium,us-east-1,staging,31.68,49.02,10,40.0
2026-04-16,i-stag-001,t3.large,ap-south-1,staging,71.77,90.71,10,80.0
2026-03-23,i-dev-001,t3.medium,ap-south-1,dev,2.81,3.03,24,96.0
2026-02-05,i-test-001,t3.medium,ap-south-1,test,2.57,4.18,24,96.0
2026-04-29,i-prod-002,m5.xlarge,ap-south-1,prod,60.59,66.44,24,432.0
2026-04-05,i-ml-001,m5.2xlarge,ap-south-1,prod,34.05,97.99,24,864.0
2026-04-21,i-stag-002,t3.medium,us-east-1,staging,67.76,75.17,10,40.0
2026-04-14,i-dev-001,t3.medium,ap-south-1,dev,1.25,1.64,24,96.0
2026-04-22,i-dev-002,t3.medium,ap-south-1,dev,0.82,3.03,24,96.0
2026-02-19,i-prod-003,m5.xlarge,us-east-1,prod,66.78,76.91,24,432.0
2026-04-17,i-prod-002,m5.xlarge,ap-south-1,prod,67.68,75.23,24,432.0
2026-03-06,i-dev-004,t3.medium,eu-west-1,dev,40.52,53.62,10,40.0
2026-02-24,i-test-002,t3.medium,us-east-1,test,37.23,54.5,10,40.0
2026-02-14,i-dev-003,t3.large,us-east-1,dev,5.95,8.53,24,192.0
2026-04-16,i-prod-002,m5.xlarge,ap-south-1,prod,31.75,49.31,24,432.0
2026-04-01,i-prod-002,m5.xlarge,ap-south-1,prod,66.5,81.04,24,432.0
2026-02-19,i-prod-006,m5.xlarge,us-east-1,prod,49.63,59.04,24,432.0
2026-04-06,i-prod-005,t3.large,ap-south-1,prod,61.72,78.98,24,192.0
2026-04-14,i-prod-002,m5.xlarge,ap-south-1,prod,38.77,57.13,24,432.0
2026-02-15,i-dev-002,t3.medium,ap-south-1,dev,2.67,7.21,24,96.0
2026-04-05,i-prod-003,m5.xlarge,us-east-1,prod,59.75,65.92,24,432.0
2026-04-03,i-test-002,t3.medium,us-east-1,test,65.12,77.26,10,40.0
2026-02-03,i-dev-004,t3.medium,eu-west-1,dev,40.09,55.77,10,40.0
2026-02-05,i-prod-005,t3.large,ap-south-1,prod,46.9,53.31,24,192.0
2026-03-18,i-prod-002,m5.xlarge,ap-south-1,prod,33.76,51.99,24,432.0
2026-02-01,i-prod-004,r5.xlarge,eu-west-1,prod,34.86,40.33,24,576.0
2026-04-08,i-dev-004,t3.medium,eu-west-1,dev,67.79,75.62,10,40.0
2026-02-28,i-test-002,t3.medium,us-east-1,test,63.42,74.8,4,16.0
2026-02-28,i-dev-003,t3.large,us-east-1,dev,4.25,5.85,24,192.0
2026-04-09,i-test-002,t3.medium,us-east-1,test,42.1,52.63,10,40.0
2026-04-02,i-test-001,t3.medium,ap-south-1,test,3.42,3.89,24,96.0
2026-03-29,i-prod-005,t3.large,ap-south-1,prod,49.52,68.17,24,192.0
2026-02-04,i-prod-003,m5.xlarge,us-east-1,prod,52.62,66.27,24,432.0
2026-02-04,i-dev-002,t3.medium,ap-south-1,dev,3.9,5.49,24,96.0
2026-04-04,i-test-002,t3.medium,us-east-1,test,43.63,53.51,4,16.0
2026-02-04,i-stag-002,t3.medium,us-east-1,staging,49.27,68.77,10,40.0
2026-03-01,i-stag-002,t3.medium,us-east-1,staging,38.14,55.96,4,16.0
2026-03-30,i-prod-004,r5.xlarge,eu-west-1,prod,57.35,66.78,24,576.0
2026-04-03,i-stag-002,t3.medium,us-east-1,staging,39.94,45.52,10,40.0
2026-02-28,i-prod-002,m5.xlarge,ap-south-1,prod,45.28,62.5,24,432.0
2026-03-13,i-ml-001,m5.2xlarge,ap-south-1,prod,34.02,91.47,24,864.0
2026-03-21,i-stag-001,t3.large,ap-south-1,staging,40.68,53.37,4,32.0
2026-04-12,i-ml-001,m5.2xlarge,ap-south-1,prod,41.37,96.77,24,864.0
2026-02-25,i-ml-001,m5.2xlarge,ap-south-1,prod,24.09,95.1,24,864.0
2026-04-21,i-test-002,t3.medium,us-east-1,test,60.48,73.97,10,40.0
2026-03-23,i-prod-001,m5.2xlarge,ap-south-1,prod,63.8,69.87,24,864.0
2026-04-17,i-prod-001,m5.2xlarge,ap-south-1,prod,61.73,73.56,24,864.0
2026-02-05,i-ml-001,m5.2xlarge,ap-south-1,prod,20.63,98.29,24,864.0
2026-03-11,i-dev-002,t3.medium,ap-south-1,dev,4.37,8.37,24,96.0
2026-04-25,i-prod-005,t3.large,ap-south-1,prod,35.34,54.35,24,192.0
2026-03-22,i-test-002,t3.medium,us-east-1,test,35.15,45.91,4,16.0
2026-02-03,i-prod-003,m5.xlarge,us-east-1,prod,66.77,80.1,24,432.0
2026-02-17,i-dev-004,t3.medium,eu-west-1,dev,73.25,80.48,10,40.0
2026-03-27,i-stag-002,t3.medium,us-east-1,staging,64.48,82.16,10,40.0
2026-02-14,i-test-002,t3.medium,us-east-1,test,45.7,64.64,4,16.0
2026-02-13,i-test-002,t3.medium,us-east-1,test,42.83,50.43,10,40.0
2026-02-08,i-dev-003,t3.large,us-east-1,dev,4.5,5.09,24,192.0
2026-04-25,i-prod-003,m5.xlarge,us-east-1,prod,66.38,83.73,24,432.0
2026-02-23,i-test-002,t3.medium,us-east-1,test,35.83,54.16,10,40.0
2026-02-06,i-test-002,t3.medium,us-east-1,test,33.18,47.81,10,40.0
2026-04-08,i-ml-001,m5.2xlarge,ap-south-1,prod,42.86,88.25,24,864.0
2026-02-15,i-dev-003,t3.large,us-east-1,dev,1.58,9.1,24,192.0
2026-04-27,i-test-002,t3.medium,us-east-1,test,40.42,58.44,10,40.0
2026-01-30,i-dev-002,t3.medium,ap-south-1,dev,2.56,5.52,24,96.0
2026-02-28,i-ml-001,m5.2xlarge,ap-south-1,prod,29.28,98.77,24,864.0
2026-02-16,i-prod-001,m5.2xlarge,ap-south-1,prod,55.65,72.08,24,864.0
2026-03-10,i-dev-001,t3.medium,ap-south-1,dev,3.86,4.06,24,96.0
2026-02-24,i-ml-001,m5.2xlarge,ap-south-1,prod,32.69,80.12,24,864.0
2026-03-24,i-stag-002,t3.medium,us-east-1,staging,46.41,54.68,10,40.0
2026-04-13,i-prod-006,m5.xlarge,us-east-1,prod,49.51,69.46,24,432.0
2026-03-08,i-prod-003,m5.xlarge,us-east-1,prod,69.51,87.53,24,432.0
2026-03-01,i-dev-003,t3.large,us-east-1,dev,1.82,4.95,24,192.0
2026-04-24,i-prod-002,m5.xlarge,ap-south-1,prod,67.19,84.21,24,432.0
2026-02-08,i-dev-002,t3.medium,ap-south-1,dev,2.97,3.48,24,96.0
2026-03-04,i-stag-001,t3.large,ap-south-1,staging,45.36,56.06,10,80.0
2026-04-24,i-prod-005,t3.large,ap-south-1,prod,56.77,72.85,24,192.0
2026-03-06,i-ml-001,m5.2xlarge,ap-south-1,prod,36.55,90.6,24,864.0
2026-02-10,i-test-001,t3.medium,ap-south-1,test,4.5,9.48,24,96.0
2026-04-28,i-prod-001,m5.2xlarge,ap-south-1,prod,55.83,66.72,24,864.0
2026-03-17,i-stag-002,t3.medium,us-east-1,staging,73.4,81.46,10,40.0
2026-04-07,i-dev-003,t3.large,us-east-1,dev,4.52,7.9,24,192.0
2026-04-05,i-test-002,t3.medium,us-east-1,test,68.54,84.06,4,16.0
2026-03-25,i-prod-001,m5.2xlarge,ap-south-1,prod,57.13,74.53,24,864.0
2026-04-18,i-dev-002,t3.medium,ap-south-1,dev,1.92,5.29,24,96.0
2026-03-07,i-dev-004,t3.medium,eu-west-1,dev,46.21,52.52,4,16.0
2026-01-30,i-stag-002,t3.medium,us-east-1,staging,36.28,45.66,10,40.0
2026-04-26,i-prod-001,m5.2xlarge,ap-south-1,prod,47.79,55.51,24,864.0
2026-03-15,i-stag-002,t3.medium,us-east-1,staging,41.11,59.71,4,16.0
2026-04-25,i-prod-006,m5.xlarge,us-east-1,prod,53.92,59.41,24,432.0
2026-02-22,i-test-001,t3.medium,ap-south-1,test,1.43,1.64,24,96.0
2026-02-20,i-ml-001,m5.2xlarge,ap-south-1,prod,30.87,84.68,24,864.0
2026-03-31,i-stag-001,t3.large,ap-south-1,staging,68.12,73.47,10,80.0
2026-04-10,i-prod-003,m5.xlarge,us-east-1,prod,72.13,78.09,24,432.0
2026-04-05,i-prod-002,m5.xlarge,ap-south-1,prod,63.94,74.84,24,432.0
2026-02-16,i-prod-004,r5.xlarge,eu-west-1,prod,65.88,73.13,24,576.0
2026-04-11,i-test-002,t3.medium,us-east-1,test,47.6,56.11,4,16.0
2026-02-23,i-test-001,t3.medium,ap-south-1,test,0.87,5.25,24,96.0
2026-04-06,i-dev-002,t3.medium,ap-south-1,dev,1.74,3.19,24,96.0
2026-04-08,i-test-002,t3.medium,us-east-1,test,49.51,55.9,10,40.0
2026-02-08,i-stag-002,t3.medium,us-east-1,staging,49.87,68.18,4,16.0
2026-03-06,i-prod-001,m5.2xlarge,ap-south-1,prod,34.31,39.66,24,864.0
2026-04-09,i-dev-001,t3.medium,ap-south-1,dev,3.85,7.88,24,96.0
2026-03-27,i-prod-004,r5.xlarge,eu-west-1,prod,74.9,90.05,24,576.0
2026-04-04,i-dev-002,t3.medium,ap-south-1,dev,1.4,2.93,24,96.0
2026-04-26,i-test-001,t3.medium,ap-south-1,test,2.56,4.1,24,96.0
2026-02-28,i-prod-006,m5.xlarge,us-east-1,prod,41.12,48.51,24,432.0
2026-03-06,i-stag-001,t3.large,ap-south-1,staging,34.68,50.55,10,80.0
2026-04-02,i-dev-004,t3.medium,eu-west-1,dev,39.99,49.82,10,40.0
2026-02-14,i-prod-002,m5.xlarge,ap-south-1,prod,73.63,91.61,24,432.0
2026-04-15,i-stag-001,t3.large,ap-south-1,staging,44.64,63.15,10,80.0
2026-02-14,i-prod-004,r5.xlarge,eu-west-1,prod,71.82,85.17,24,576.0
2026-04-19,i-prod-004,r5.xlarge,eu-west-1,prod,50.63,66.5,24,576.0
2026-02-13,i-prod-003,m5.xlarge,us-east-1,prod,53.97,62.6,24,432.0
2026-02-04,i-prod-005,t3.large,ap-south-1,prod,31.09,45.78,24,192.0
2026-02-08,i-test-002,t3.medium,us-east-1,test,66.58,85.78,4,16.0
2026-04-18,i-prod-003,m5.xlarge,us-east-1,prod,33.83,44.61,24,432.0
2026-03-15,i-dev-004,t3.medium,eu-west-1,dev,36.27,49.25,4,16.0
2026-04-21,i-dev-004,t3.medium,eu-west-1,dev,66.07,76.95,10,40.0
2026-03-31,i-dev-002,t3.medium,ap-south-1,dev,1.41,2.65,24,96.0
2026-04-02,i-prod-003,m5.xlarge,us-east-1,prod,33.29,47.62,24,432.0
2026-02-07,i-test-002,t3.medium,us-east-1,test,63.95,70.5,4,16.0
2026-04-07,i-prod-004,r5.xlarge,eu-west-1,prod,32.55,43.16,24,576.0
2026-02-26,i-prod-004,r5.xlarge,eu-west-1,prod,48.89,63.47,24,576.0
2026-03-28,i-stag-001,t3.large,ap-south-1,staging,50.22,64.01,4,32.0
2026-03-04,i-test-001,t3.medium,ap-south-1,test,4.24,6.0,24,96.0
2026-04-12,i-prod-005,t3.large,ap-south-1,prod,57.25,64.01,24,192.0
2026-03-04,i-dev-002,t3.medium,ap-south-1,dev,4.32,4.41,24,96.0
2026-03-28,i-dev-003,t3.large,us-east-1,dev,4.88,7.05,24,192.0
2026-02-22,i-prod-003,m5.xlarge,us-east-1,prod,65.58,75.36,24,432.0
2026-02-24,i-dev-004,t3.medium,eu-west-1,dev,69.23,74.67,10,40.0
2026-01-30,i-prod-001,m5.2xlarge,ap-south-1,prod,46.85,66.12,24,864.0
2026-02-23,i-prod-001,m5.2xlarge,ap-south-1,prod,65.39,71.73,24,864.0
2026-04-26,i-prod-006,m5.xlarge,us-east-1,prod,72.04,90.79,24,432.0
2026-03-02,i-dev-003,t3.large,us-east-1,dev,5.83,5.87,24,192.0
2026-04-18,i-prod-004,r5.xlarge,eu-west-1,prod,39.49,47.93,24,576.0
2026-04-06,i-dev-004,t3.medium,eu-west-1,dev,58.12,71.7,10,40.0
2026-04-26,i-dev-001,t3.medium,ap-south-1,dev,3.43,7.55,24,96.0
2026-04-10,i-prod-004,r5.xlarge,eu-west-1,prod,43.16,54.82,24,576.0
2026-03-31,i-prod-001,m5.2xlarge,ap-south-1,prod,53.46,73.1,24,864.0
2026-03-24,i-prod-004,r5.xlarge,eu-west-1,prod,70.05,80.24,24,576.0
2026-02-10,i-stag-002,t3.medium,us-east-1,staging,46.94,64.1,10,40.0
2026-03-01,i-prod-001,m5.2xlarge,ap-south-1,prod,69.02,82.7,24,864.0
2026-02-07,i-prod-006,m5.xlarge,us-east-1,prod,44.35,62.03,24,432.0
2026-04-26,i-ml-001,m5.2xlarge,ap-south-1,prod,20.16,98.59,24,864.0
2026-03-06,i-prod-006,m5.xlarge,us-east-1,prod,61.16,81.03,24,432.0
2026-03-18,i-dev-001,t3.medium,ap-south-1,dev,3.93,8.03,24,96.0
2026-02-05,i-prod-001,m5.2xlarge,ap-south-1,prod,66.42,83.57,24,864.0
2026-04-28,i-prod-005,t3.large,ap-south-1,prod,42.39,58.03,24,192.0
2026-02-11,i-prod-002,m5.xlarge,ap-south-1,prod,60.23,74.5,24,432.0
2026-03-27,i-prod-005,t3.large,ap-south-1,prod,43.26,48.47,24,192.0
2026-02-26,i-dev-002,t3.medium,ap-south-1,dev,3.58,7.81,24,96.0
2026-02-15,i-dev-004,t3.medium,eu-west-1,dev,45.07,52.16,4,16.0
2026-02-03,i-dev-002,t3.medium,ap-south-1,dev,3.15,3.18,24,96.0
2026-02-07,i-dev-004,t3.medium,eu-west-1,dev,64.94,75.05,4,16.0
2026-02-19,i-prod-001,m5.2xlarge,ap-south-1,prod,39.35,44.75,24,864.0
2026-03-28,i-prod-003,m5.xlarge,us-east-1,prod,70.77,80.6,24,432.0
2026-02-20,i-dev-004,t3.medium,eu-west-1,dev,52.34,66.29,10,40.0
2026-04-29,i-prod-004,r5.xlarge,eu-west-1,prod,58.87,67.77,24,576.0
2026-04-07,i-test-002,t3.medium,us-east-1,test,59.55,79.08,10,40.0
2026-03-04,i-prod-005,t3.large,ap-south-1,prod,50.86,61.55,24,192.0
2026-04-01,i-dev-004,t3.medium,eu-west-1,dev,50.05,58.19,10,40.0
2026-02-23,i-prod-005,t3.large,ap-south-1,prod,57.35,70.04,24,192.0
2026-03-04,i-prod-001,m5.2xlarge,ap-south-1,prod,46.49,57.43,24,864.0
2026-04-24,i-ml-001,m5.2xlarge,ap-south-1,prod,40.14,86.24,24,864.0
2026-02-21,i-dev-001,t3.medium,ap-south-1,dev,3.32,7.95,24,96.0
2026-02-27,i-prod-002,m5.xlarge,ap-south-1,prod,50.48,55.66,24,432.0
2026-02-09,i-ml-001,m5.2xlarge,ap-south-1,prod,26.93,83.57,24,864.0
2026-01-31,i-test-002,t3.medium,us-east-1,test,43.99,53.87,4,16.0
2026-03-05,i-stag-001,t3.large,ap-south-1,staging,31.95,46.45,10,80.0
2026-02-11,i-test-002,t3.medium,us-east-1,test,41.62,53.51,10,40.0
2026-03-25,i-prod-005,t3.large,ap-south-1,prod,64.29,81.79,24,192.0
2026-04-23,i-prod-002,m5.xlarge,ap-south-1,prod,63.92,77.59,24,432.0
2026-04-06,i-ml-001,m5.2xlarge,ap-south-1,prod,27.67,86.71,24,864.0
2026-02-10,i-prod-005,t3.large,ap-south-1,prod,67.01,86.26,24,192.0
2026-03-31,i-test-001,t3.medium,ap-south-1,test,4.47,7.19,24,96.0
2026-03-14,i-stag-002,t3.medium,us-east-1,staging,58.92,70.23,4,16.0
2026-02-10,i-dev-001,t3.medium,ap-south-1,dev,1.1,4.07,24,96.0
2026-03-05,i-dev-001,t3.medium,ap-south-1,dev,1.41,2.47,24,96.0
2026-04-14,i-prod-004,r5.xlarge,eu-west-1,prod,59.44,77.77,24,576.0
2026-04-10,i-dev-004,t3.medium,eu-west-1,dev,41.25,53.97,10,40.0
2026-03-03,i-dev-004,t3.medium,eu-west-1,dev,48.19,58.09,10,40.0
2026-02-03,i-test-002,t3.medium,us-east-1,test,68.22,83.08,10,40.0
2026-04-18,i-stag-001,t3.large,ap-south-1,staging,73.55,85.15,4,32.0
2026-03-10,i-prod-003,m5.xlarge,us-east-1,prod,68.0,74.47,24,432.0
2026-04-06,i-dev-001,t3.medium,ap-south-1,dev,1.03,5.35,24,96.0
2026-03-14,i-test-001,t3.medium,ap-south-1,test,3.83,5.19,24,96.0
2026-02-14,i-dev-002,t3.medium,ap-south-1,dev,1.85,2.52,24,96.0
2026-03-19,i-test-001,t3.medium,ap-south-1,test,2.34,6.66,24,96.0
2026-02-13,i-prod-005,t3.large,ap-south-1,prod,39.52,49.43,24,192.0
2026-02-09,i-test-001,t3.medium,ap-south-1,test,0.68,2.09,24,96.0
2026-02-07,i-test-001,t3.medium,ap-south-1,test,3.93,6.08,24,96.0
2026-04-06,i-dev-003,t3.large,us-east-1,dev,4.36,10.74,24,192.0
2026-04-02,i-ml-001,m5.2xlarge,ap-south-1,prod,22.96,85.49,24,864.0
2026-04-15,i-prod-001,m5.2xlarge,ap-south-1,prod,65.01,81.42,24,864.0
2026-02-11,i-prod-006,m5.xlarge,us-east-1,prod,48.16,55.17,24,432.0
2026-02-01,i-dev-004,t3.medium,eu-west-1,dev,34.95,43.37,4,16.0
2026-03-17,i-prod-003,m5.xlarge,us-east-1,prod,40.75,52.51,24,432.0
2026-02-06,i-prod-004,r5.xlarge,eu-west-1,prod,72.97,89.04,24,576.0
2026-02-01,i-dev-001,t3.medium,ap-south-1,dev,3.03,7.39,24,96.0
2026-03-08,i-test-002,t3.medium,us-east-1,test,49.78,56.36,4,16.0
2026-03-26,i-stag-002,t3.medium,us-east-1,staging,55.98,73.96,10,40.0
2026-04-17,i-prod-006,m5.xlarge,us-east-1,prod,36.92,50.51,24,432.0
2026-04-27,i-dev-004,t3.medium,eu-west-1,dev,37.34,45.84,10,40.0
2026-03-03,i-prod-004,r5.xlarge,eu-west-1,prod,60.75,73.2,24,576.0
2026-03-02,i-prod-004,r5.xlarge,eu-west-1,prod,59.87,71.99,24,576.0
2026-01-31,i-dev-002,t3.medium,ap-south-1,dev,0.52,4.6,24,96.0
2026-03-27,i-prod-006,m5.xlarge,us-east-1,prod,67.54,83.64,24,432.0
2026-04-22,i-test-001,t3.medium,ap-south-1,test,0.75,1.21,24,96.0
2026-04-04,i-dev-003,t3.large,us-east-1,dev,2.15,2.16,24,192.0
2026-04-17,i-prod-004,r5.xlarge,eu-west-1,prod,67.72,84.76,24,576.0
2026-02-23,i-stag-001,t3.large,ap-south-1,staging,65.08,75.33,10,80.0
2026-03-04,i-dev-003,t3.large,us-east-1,dev,1.04,6.22,24,192.0
2026-04-20,i-prod-005,t3.large,ap-south-1,prod,46.85,63.82,24,192.0
2026-02-24,i-dev-001,t3.medium,ap-south-1,dev,3.97,7.51,24,96.0
2026-03-19,i-ml-001,m5.2xlarge,ap-south-1,prod,30.56,80.8,24,864.0
2026-03-18,i-test-001,t3.medium,ap-south-1,test,1.2,4.76,24,96.0
2026-04-21,i-prod-003,m5.xlarge,us-east-1,prod,47.9,65.32,24,432.0
2026-03-01,i-prod-005,t3.large,ap-south-1,prod,58.03,72.51,24,192.0
2026-02-16,i-dev-002,t3.medium,ap-south-1,dev,2.52,5.58,24,96.0
2026-04-05,i-prod-004,r5.xlarge,eu-west-1,prod,61.92,69.43,24,576.0
2026-02-14,i-stag-002,t3.medium,us-east-1,staging,42.99,56.71,4,16.0
2026-02-28,i-dev-002,t3.medium,ap-south-1,dev,1.41,6.4,24,96.0
2026-02-25,i-prod-006,m5.xlarge,us-east-1,prod,72.18,87.49,24,432.0
2026-04-04,i-stag-001,t3.large,ap-south-1,staging,49.14,54.7,4,32.0
2026-02-10,i-dev-004,t3.medium,eu-west-1,dev,32.54,50.51,10,40.0
2026-01-31,i-prod-004,r5.xlarge,eu-west-1,prod,56.91,75.73,24,576.0
2026-04-20,i-prod-001,m5.2xlarge,ap-south-1,prod,36.36,49.92,24,864.0
2026-04-01,i-dev-002,t3.medium,ap-south-1,dev,3.73,6.03,24,96.0
2026-02-21,i-dev-004,t3.medium,eu-west-1,dev,73.7,92.86,4,16.0
2026-04-28,i-dev-001,t3.medium,ap-south-1,dev,3.77,8.42,24,96.0
2026-03-10,i-dev-003,t3.large,us-east-1,dev,5.48,10.57,24,192.0
2026-02-03,i-prod-002,m5.xlarge,ap-south-1,prod,69.48,78.35,24,432.0
2026-02-17,i-prod-003,m5.xlarge,us-east-1,prod,56.61,67.59,24,432.0
2026-04-13,i-test-002,t3.medium,us-east-1,test,65.19,81.46,10,40.0
2026-04-25,i-dev-003,t3.large,us-east-1,dev,1.38,4.22,24,192.0
2026-02-17,i-dev-001,t3.medium,ap-south-1,dev,2.49,4.59,24,96.0
2026-04-10,i-test-002,t3.medium,us-east-1,test,65.52,75.14,10,40.0
2026-03-17,i-prod-005,t3.large,ap-south-1,prod,50.88,69.52,24,192.0
2026-02-23,i-dev-001,t3.medium,ap-south-1,dev,4.48,5.35,24,96.0
2026-04-24,i-prod-001,m5.2xlarge,ap-south-1,prod,47.98,57.88,24,864.0
2026-02-01,i-stag-001,t3.large,ap-south-1,staging,40.3,46.45,4,32.0
2026-03-20,i-prod-001,m5.2xlarge,ap-south-1,prod,71.31,80.51,24,864.0
2026-02-18,i-prod-005,t3.large,ap-south-1,prod,38.19,56.11,24,192.0
2026-03-15,i-prod-003,m5.xlarge,us-east-1,prod,62.76,75.2,24,432.0
2026-04-01,i-dev-003,t3.large,us-east-1,dev,3.16,3.52,24,192.0
2026-04-06,i-stag-001,t3.large,ap-south-1,staging,62.33,80.27,10,80.0
2026-03-07,i-stag-002,t3.medium,us-east-1,staging,67.89,80.71,4,16.0
2026-04-12,i-test-002,t3.medium,us-east-1,test,65.62,77.39,4,16.0
2026-03-16,i-test-002,t3.medium,us-east-1,test,32.34,49.13,10,40.0
2026-03-20,i-prod-004,r5.xlarge,eu-west-1,prod,62.7,72.27,24,576.0
2026-02-11,i-dev-004,t3.medium,eu-west-1,dev,57.99,75.93,10,40.0
2026-03-01,i-stag-001,t3.large,ap-south-1,staging,38.09,46.65,4,32.0
2026-03-28,i-test-002,t3.medium,us-east-1,test,30.01,42.67,4,16.0
2026-02-25,i-prod-004,r5.xlarge,eu-west-1,prod,54.36,73.8,24,576.0
2026-03-16,i-prod-001,m5.2xlarge,ap-south-1,prod,41.71,57.67,24,864.0
2026-03-21,i-dev-003,t3.large,us-east-1,dev,2.27,5.17,24,192.0
2026-04-29,i-test-002,t3.medium,us-east-1,test,48.5,59.92,10,40.0
2026-03-19,i-dev-001,t3.medium,ap-south-1,dev,3.11,7.8,24,96.0
2026-02-26,i-ml-001,m5.2xlarge,ap-south-1,prod,32.29,81.22,24,864.0
2026-02-24,i-prod-001,m5.2xlarge,ap-south-1,prod,54.79,61.09,24,864.0
2026-02-26,i-stag-002,t3.medium,us-east-1,staging,68.9,80.99,10,40.0
2026-02-03,i-ml-001,m5.2xlarge,ap-south-1,prod,22.34,86.99,24,864.0
2026-04-25,i-stag-001,t3.large,ap-south-1,staging,48.35,55.77,4,32.0
2026-04-11,i-dev-003,t3.large,us-east-1,dev,5.45,7.39,24,192.0
2026-03-04,i-prod-006,m5.xlarge,us-east-1,prod,53.36,65.55,24,432.0
2026-03-26,i-prod-001,m5.2xlarge,ap-south-1,prod,69.15,76.11,24,864.0
2026-02-12,i-prod-001,m5.2xlarge,ap-south-1,prod,40.81,46.94,24,864.0
2026-03-12,i-prod-002,m5.xlarge,ap-south-1,prod,69.91,84.6,24,432.0
2026-02-06,i-dev-002,t3.medium,ap-south-1,dev,1.19,3.36,24,96.0
2026-02-26,i-test-001,t3.medium,ap-south-1,test,2.43,3.01,24,96.0
2026-03-11,i-prod-002,m5.xlarge,ap-south-1,prod,43.34,53.59,24,432.0
2026-03-11,i-prod-005,t3.large,ap-south-1,prod,41.93,47.24,24,192.0
2026-04-27,i-stag-001,t3.large,ap-south-1,staging,40.02,49.63,10,80.0
2026-02-04,i-ml-001,m5.2xlarge,ap-south-1,prod,37.56,86.83,24,864.0
2026-03-27,i-dev-001,t3.medium,ap-south-1,dev,0.85,3.29,24,96.0
2026-04-10,i-prod-001,m5.2xlarge,ap-south-1,prod,58.36,67.09,24,864.0
2026-04-27,i-prod-006,m5.xlarge,us-east-1,prod,72.23,79.95,24,432.0
2026-03-21,i-prod-004,r5.xlarge,eu-west-1,prod,49.56,66.17,24,576.0
2026-03-04,i-prod-004,r5.xlarge,eu-west-1,prod,57.16,72.18,24,576.0
2026-04-12,i-prod-004,r5.xlarge,eu-west-1,prod,58.41,71.4,24,576.0
2026-04-27,i-dev-003,t3.large,us-east-1,dev,1.08,6.38,24,192.0
2026-04-12,i-dev-002,t3.medium,ap-south-1,dev,2.74,5.88,24,96.0
2026-04-12,i-stag-002,t3.medium,us-east-1,staging,52.85,64.14,4,16.0
2026-01-30,i-dev-004,t3.medium,eu-west-1,dev,72.7,92.18,10,40.0
2026-02-25,i-stag-001,t3.large,ap-south-1,staging,43.54,59.17,10,80.0
2026-04-20,i-test-001,t3.medium,ap-south-1,test,4.18,4.38,24,96.0
2026-03-08,i-prod-001,m5.2xlarge,ap-south-1,prod,68.31,76.44,24,864.0
2026-02-01,i-test-001,t3.medium,ap-south-1,test,,8.08,24,96.0
2026-03-27,i-prod-002,m5.xlarge,ap-south-1,prod,46.14,63.21,24,432.0
2026-02-10,i-prod-003,m5.xlarge,us-east-1,prod,54.12,63.77,24,432.0
2026-02-26,i-dev-004,t3.medium,eu-west-1,dev,71.44,85.69,10,40.0
2026-03-09,i-stag-001,t3.large,ap-south-1,staging,66.63,80.86,10,80.0
2026-03-26,i-dev-002,t3.medium,ap-south-1,dev,2.79,7.57,24,96.0
2026-02-16,i-test-001,t3.medium,ap-south-1,test,1.11,3.99,24,96.0
2026-04-27,i-prod-004,r5.xlarge,eu-west-1,prod,74.56,79.95,24,576.0
2026-02-27,i-stag-001,t3.large,ap-south-1,staging,36.41,48.9,10,80.0
2026-03-17,i-prod-001,m5.2xlarge,ap-south-1,prod,64.05,76.84,24,864.0
2026-03-07,i-prod-005,t3.large,ap-south-1,prod,59.92,76.85,24,192.0
2026-04-25,i-stag-002,t3.medium,us-east-1,staging,73.7,87.13,4,16.0
2026-03-15,i-ml-001,m5.2xlarge,ap-south-1,prod,43.42,80.99,24,864.0
2026-03-16,i-ml-001,m5.2xlarge,ap-south-1,prod,26.47,83.13,24,864.0
2026-04-09,i-prod-001,m5.2xlarge,ap-south-1,prod,,65.4,24,864.0
2026-04-20,i-stag-002,t3.medium,us-east-1,staging,39.92,48.2,10,40.0
2026-03-27,i-dev-004,t3.medium,eu-west-1,dev,72.65,78.73,10,40.0
2026-04-29,i-prod-006,m5.xlarge,us-east-1,prod,48.51,57.12,24,432.0
2026-02-09,i-dev-002,t3.medium,ap-south-1,dev,2.72,7.56,24,96.0
2026-03-30,i-dev-003,t3.large,us-east-1,dev,1.1,2.09,24,192.0
2026-04-12,i-dev-003,t3.large,us-east-1,dev,2.27,2.35,24,192.0
2026-02-16,i-prod-003,m5.xlarge,us-east-1,prod,68.09,75.0,24,432.0
2026-04-11,i-prod-003,m5.xlarge,us-east-1,prod,52.64,60.55,24,432.0
2026-02-21,i-prod-006,m5.xlarge,us-east-1,prod,59.65,75.03,24,432.0
2026-04-25,i-dev-004,t3.medium,eu-west-1,dev,48.14,65.65,4,16.0
2026-01-31,i-prod-001,m5.2xlarge,ap-south-1,prod,59.81,69.49,24,864.0
2026-03-05,i-prod-006,m5.xlarge,us-east-1,prod,51.76,68.85,24,432.0
2026-02-20,i-dev-002,t3.medium,ap-south-1,dev,3.43,4.5,24,96.0
2026-03-22,i-prod-004,r5.xlarge,eu-west-1,prod,71.93,82.88,24,576.0
2026-03-11,i-stag-002,t3.medium,us-east-1,staging,35.46,49.69,10,40.0
2026-04-20,i-prod-006,m5.xlarge,us-east-1,prod,33.92,47.27,24,432.0
2026-04-13,i-dev-001,t3.medium,ap-south-1,dev,2.36,5.97,24,96.0
2026-04-20,i-prod-003,m5.xlarge,us-east-1,prod,67.16,76.44,24,432.0
2026-03-31,i-prod-006,m5.xlarge,us-east-1,prod,68.99,94.05,24,1728.0
2026-02-13,i-test-001,t3.medium,ap-south-1,test,1.48,2.29,24,96.0
2026-02-10,i-ml-001,m5.2xlarge,ap-south-1,prod,26.18,88.56,24,864.0
2026-04-06,i-stag-002,t3.medium,us-east-1,staging,66.0,79.29,10,40.0
2026-02-05,i-dev-002,t3.medium,ap-south-1,dev,1.36,4.48,24,96.0
2026-03-26,i-dev-004,t3.medium,eu-west-1,dev,68.11,86.51,10,40.0
2026-03-21,i-stag-002,t3.medium,us-east-1,staging,47.3,59.62,4,16.0
2026-03-05,i-dev-004,t3.medium,eu-west-1,dev,42.37,59.71,10,40.0
2026-03-21,i-dev-004,t3.medium,eu-west-1,dev,32.05,39.15,4,16.0
2026-01-31,i-stag-002,t3.medium,us-east-1,staging,36.34,53.37,4,16.0
2026-02-22,i-dev-004,t3.medium,eu-west-1,dev,45.96,55.27,4,16.0
2026-03-19,i-test-002,t3.medium,us-east-1,test,47.12,66.77,10,40.0
2026-04-15,i-test-001,t3.medium,ap-south-1,test,1.02,1.13,24,96.0
2026-04-24,i-dev-001,t3.medium,ap-south-1,dev,1.54,6.39,24,96.0
2026-03-11,i-dev-004,t3.medium,eu-west-1,dev,63.66,80.84,10,40.0
2026-04-17,i-dev-003,t3.large,us-east-1,dev,2.06,8.96,24,192.0
2026-02-21,i-dev-003,t3.large,us-east-1,dev,4.49,6.87,24,192.0
2026-02-27,i-dev-004,t3.medium,eu-west-1,dev,61.03,78.03,10,40.0
2026-04-07,i-prod-005,t3.large,ap-south-1,prod,58.88,73.95,24,192.0
2026-02-13,i-stag-002,t3.medium,us-east-1,staging,54.17,67.97,10,40.0
2026-03-31,i-dev-004,t3.medium,eu-west-1,dev,73.1,92.24,10,40.0
2026-02-12,i-dev-001,t3.medium,ap-south-1,dev,3.26,3.46,24,96.0
2026-04-20,i-prod-002,m5.xlarge,ap-south-1,prod,42.54,50.82,24,432.0
2026-03-23,i-prod-003,m5.xlarge,us-east-1,prod,60.54,70.97,24,432.0
2026-04-14,i-prod-006,m5.xlarge,us-east-1,prod,62.24,71.3,24,432.0
2026-02-05,i-prod-004,r5.xlarge,eu-west-1,prod,65.81,84.16,24,576.0
2026-04-08,i-dev-002,t3.medium,ap-south-1,dev,0.56,3.48,24,96.0
2026-02-03,i-dev-001,t3.medium,ap-south-1,dev,2.93,2.97,24,96.0
2026-04-19,i-dev-004,t3.medium,eu-west-1,dev,35.67,43.62,4,16.0
2026-02-17,i-ml-001,m5.2xlarge,ap-south-1,prod,25.25,97.06,24,864.0
2026-03-17,i-stag-001,t3.large,ap-south-1,staging,66.99,77.7,10,80.0
2026-02-04,i-dev-003,t3.large,us-east-1,dev,3.78,11.27,24,192.0
2026-02-27,i-ml-001,m5.2xlarge,ap-south-1,prod,21.3,90.28,24,864.0
2026-04-27,i-prod-003,m5.xlarge,us-east-1,prod,48.01,64.76,24,432.0
2026-02-09,i-prod-004,r5.xlarge,eu-west-1,prod,35.35,42.11,24,576.0
2026-02-04,i-prod-001,m5.2xlarge,ap-south-1,prod,40.98,60.57,24,864.0
2026-04-04,i-prod-003,m5.xlarge,us-east-1,prod,52.81,63.95,24,432.0
2026-04-19,i-prod-006,m5.xlarge,us-east-1,prod,44.12,57.19,24,432.0
2026-03-10,i-prod-001,m5.2xlarge,ap-south-1,prod,66.07,85.46,24,864.0
2026-03-23,i-dev-002,t3.medium,ap-south-1,dev,2.73,4.45,24,96.0
2026-03-09,i-dev-003,t3.large,us-east-1,dev,5.14,11.01,24,192.0
2026-02-28,i-dev-004,t3.medium,eu-west-1,dev,33.25,38.71,4,16.0
2026-03-17,i-test-002,t3.medium,us-east-1,test,74.26,81.37,10,40.0
2026-02-11,i-dev-001,t3.medium,ap-south-1,dev,1.9,4.85,24,96.0
2026-02-17,i-prod-002,m5.xlarge,ap-south-1,prod,71.44,89.49,24,432.0
2026-04-26,i-prod-004,r5.xlarge,eu-west-1,prod,40.41,52.95,24,576.0
2026-03-29,i-ml-001,m5.2xlarge,ap-south-1,prod,29.25,80.99,24,864.0
2026-02-14,i-dev-004,t3.medium,eu-west-1,dev,41.46,56.68,4,16.0
2026-03-03,i-stag-002,t3.medium,us-east-1,staging,59.31,65.9,10,40.0
2026-04-28,i-prod-002,m5.xlarge,ap-south-1,prod,56.25,61.42,24,432.0
2026-03-08,i-prod-005,t3.large,ap-south-1,prod,48.13,55.74,24,192.0
2026-02-06,i-test-001,t3.medium,ap-south-1,test,3.93,7.22,24,96.0
2026-03-13,i-stag-002,t3.medium,us-east-1,staging,69.45,89.39,10,40.0
2026-04-22,i-prod-003,m5.xlarge,us-east-1,prod,73.27,88.29,24,432.0
2026-03-24,i-stag-001,t3.large,ap-south-1,staging,44.0,59.16,10,80.0
2026-03-21,i-prod-001,m5.2xlarge,ap-south-1,prod,34.22,52.87,24,864.0
2026-03-05,i-prod-003,m5.xlarge,us-east-1,prod,38.15,53.37,24,432.0
2026-03-13,i-prod-004,r5.xlarge,eu-west-1,prod,,78.58,24,576.0
2026-04-07,i-dev-001,t3.medium,ap-south-1,dev,2.57,3.47,24,96.0
2026-04-24,i-test-001,t3.medium,ap-south-1,test,1.94,6.05,24,96.0
2026-03-31,i-stag-002,t3.medium,us-east-1,staging,65.24,81.95,10,40.0
2026-04-22,i-dev-003,t3.large,us-east-1,dev,2.72,9.39,24,192.0
2026-02-07,i-stag-001,t3.large,ap-south-1,staging,66.65,75.88,4,32.0
2026-03-23,i-dev-003,t3.large,us-east-1,dev,4.26,11.03,24,192.0
2026-03-26,i-prod-005,t3.large,ap-south-1,prod,68.86,82.69,24,192.0
2026-02-06,i-dev-004,t3.medium,eu-west-1,dev,46.86,61.25,10,40.0
2026-03-02,i-dev-001,t3.medium,ap-south-1,dev,4.24,5.82,24,96.0
2026-03-20,i-prod-006,m5.xlarge,us-east-1,prod,61.67,74.78,24,432.0
2026-04-17,i-prod-003,m5.xlarge,us-east-1,prod,65.06,79.21,24,432.0
2026-04-03,i-prod-006,m5.xlarge,us-east-1,prod,59.55,68.15,24,432.0
2026-02-02,i-test-001,t3.medium,ap-south-1,test,0.57,3.13,24,96.0
2026-03-11,i-prod-004,r5.xlarge,eu-west-1,prod,34.43,49.33,24,576.0
2026-03-23,i-stag-001,t3.large,ap-south-1,staging,54.03,61.16,10,80.0
2026-03-26,i-prod-006,m5.xlarge,us-east-1,prod,42.86,50.91,24,432.0
2026-02-06,i-ml-001,m5.2xlarge,ap-south-1,prod,34.64,97.86,24,864.0
2026-03-14,i-dev-004,t3.medium,eu-west-1,dev,45.05,50.45,4,16.0
2026-04-13,i-stag-001,t3.large,ap-south-1,staging,44.45,52.75,10,80.0
2026-03-15,i-dev-002,t3.medium,ap-south-1,dev,3.61,3.93,24,96.0
2026-02-06,i-prod-001,m5.2xlarge,ap-south-1,prod,61.32,72.45,24,864.0
2026-03-13,i-prod-006,m5.xlarge,us-east-1,prod,39.11,58.48,24,432.0
2026-02-23,i-dev-002,t3.medium,ap-south-1,dev,3.53,7.01,24,96.0
2026-02-16,i-test-002,t3.medium,us-east-1,test,49.09,65.13,10,40.0
2026-03-14,i-dev-003,t3.large,us-east-1,dev,3.94,5.41,24,192.0
2026-04-02,i-prod-006,m5.xlarge,us-east-1,prod,89.32,95.6,24,1728.0
2026-03-25,i-test-001,t3.medium,ap-south-1,test,2.08,2.28,24,96.0
2026-03-28,i-dev-004,t3.medium,eu-west-1,dev,42.79,49.8,4,16.0
2026-02-02,i-prod-002,m5.xlarge,ap-south-1,prod,46.36,65.94,24,432.0
2026-04-18,i-test-001,t3.medium,ap-south-1,test,0.83,3.25,24,96.0
2026-04-06,i-prod-002,m5.xlarge,ap-south-1,prod,63.05,73.82,24,432.0
2026-03-29,i-stag-001,t3.large,ap-south-1,staging,52.22,63.04,4,32.0
2026-03-22,i-dev-001,t3.medium,ap-south-1,dev,2.14,6.68,24,96.0
2026-01-30,i-prod-005,t3.large,ap-south-1,prod,67.46,75.65,24,192.0
2026-04-06,i-test-002,t3.medium,us-east-1,test,32.33,45.57,10,40.0
2026-02-16,i-dev-001,t3.medium,ap-south-1,dev,4.29,5.06,24,96.0
2026-04-12,i-prod-006,m5.xlarge,us-east-1,prod,36.43,51.81,24,432.0
2026-04-23,i-prod-005,t3.large,ap-south-1,prod,48.5,59.54,24,192.0
2026-02-28,i-dev-001,t3.medium,ap-south-1,dev,2.49,5.27,24,96.0
2026-04-06,i-test-001,t3.medium,ap-south-1,test,4.12,4.19,24,96.0
2026-03-26,i-test-001,t3.medium,ap-south-1,test,4.03,6.28,24,96.0
2026-04-21,i-stag-001,t3.large,ap-south-1,staging,31.57,44.84,10,80.0
2026-02-19,i-prod-005,t3.large,ap-south-1,prod,58.09,69.23,24,192.0
2026-04-11,i-test-001,t3.medium,ap-south-1,test,2.93,4.16,24,96.0
2026-02-19,i-test-002,t3.medium,us-east-1,test,55.94,65.05,10,40.0
2026-02-08,i-ml-001,m5.2xlarge,ap-south-1,prod,38.83,87.15,24,864.0
2026-03-09,i-prod-005,t3.large,ap-south-1,prod,43.65,50.16,24,192.0
2026-02-02,i-prod-006,m5.xlarge,us-east-1,prod,70.87,79.47,24,432.0
2026-04-11,i-dev-002,t3.medium,ap-south-1,dev,0.83,0.93,24,96.0
2026-03-19,i-stag-001,t3.large,ap-south-1,staging,61.24,73.93,10,80.0
2026-03-26,i-dev-001,t3.medium,ap-south-1,dev,2.13,6.27,24,96.0
2026-03-02,i-prod-006,m5.xlarge,us-east-1,prod,39.26,45.94,24,432.0
2026-04-04,i-dev-004,t3.medium,eu-west-1,dev,73.51,81.87,4,16.0
2026-03-14,i-dev-001,t3.medium,ap-south-1,dev,3.64,4.23,24,96.0
2026-02-25,i-dev-002,t3.medium,ap-south-1,dev,4.38,8.12,24,96.0
2026-03-05,i-prod-002,m5.xlarge,ap-south-1,prod,42.27,53.47,24,432.0
2026-02-20,i-prod-006,m5.xlarge,us-east-1,prod,33.73,47.77,24,432.0
2026-01-31,i-prod-005,t3.large,ap-south-1,prod,38.82,44.5,24,192.0
2026-03-16,i-dev-002,t3.medium,ap-south-1,dev,1.16,5.89,24,96.0
2026-02-01,i-prod-006,m5.xlarge,us-east-1,prod,41.22,52.37,24,432.0
2026-03-31,i-prod-003,m5.xlarge,us-east-1,prod,35.41,44.39,24,432.0
2026-03-26,i-prod-003,m5.xlarge,us-east-1,prod,69.47,88.63,24,432.0
2026-04-21,i-dev-003,t3.large,us-east-1,dev,2.41,3.79,24,192.0
2026-02-26,i-prod-003,m5.xlarge,us-east-1,prod,36.8,48.28,24,432.0
2026-04-01,i-prod-006,m5.xlarge,us-east-1,prod,64.42,85.11,24,1728.0
2026-03-06,i-test-001,t3.medium,ap-south-1,test,3.1,5.77,24,96.0
2026-03-21,i-dev-001,t3.medium,ap-south-1,dev,4.3,7.31,24,96.0
2026-04-10,i-test-001,t3.medium,ap-south-1,test,1.93,3.7,24,96.0
2026-02-15,i-prod-006,m5.xlarge,us-east-1,prod,69.47,80.36,24,432.0
2026-03-23,i-prod-005,t3.large,ap-south-1,prod,57.57,75.67,24,192.0
2026-03-03,i-dev-002,t3.medium,ap-south-1,dev,2.13,6.48,24,96.0
2026-02-09,i-prod-005,t3.large,ap-south-1,prod,63.57,77.32,24,192.0
2026-04-04,i-prod-002,m5.xlarge,ap-south-1,prod,33.2,39.24,24,432.0
2026-03-27,i-test-002,t3.medium,us-east-1,test,52.53,69.45,10,40.0
2026-03-12,i-dev-003,t3.large,us-east-1,dev,3.71,8.43,24,192.0
2026-03-16,i-dev-003,t3.large,us-east-1,dev,4.35,8.04,24,192.0
2026-03-08,i-ml-001,m5.2xlarge,ap-south-1,prod,25.4,91.77,24,864.0
2026-04-27,i-prod-001,m5.2xlarge,ap-south-1,prod,47.78,63.71,24,864.0
2026-01-31,i-prod-003,m5.xlarge,us-east-1,prod,64.88,83.97,24,432.0
2026-02-07,i-stag-002,t3.medium,us-east-1,staging,61.35,75.79,4,16.0
2026-04-01,i-test-001,t3.medium,ap-south-1,test,3.87,8.78,24,96.0
2026-04-05,i-prod-006,m5.xlarge,us-east-1,prod,41.94,55.96,24,432.0
2026-04-29,i-dev-001,t3.medium,ap-south-1,dev,1.94,5.3,24,96.0
2026-02-11,i-dev-003,t3.large,us-east-1,dev,3.57,9.84,24,192.0
2026-04-06,i-prod-003,m5.xlarge,us-east-1,prod,67.75,72.93,24,432.0
2026-04-29,i-dev-003,t3.large,us-east-1,dev,5.94,13.76,24,192.0
2026-03-11,i-stag-001,t3.large,ap-south-1,staging,58.11,68.84,10,80.0
2026-02-11,i-prod-001,m5.2xlarge,ap-south-1,prod,72.93,87.02,24,864.0
2026-02-19,i-prod-002,m5.xlarge,ap-south-1,prod,56.24,67.56,24,432.0
2026-03-04,i-prod-002,m5.xlarge,ap-south-1,prod,47.49,59.22,24,432.0
2026-04-21,i-dev-002,t3.medium,ap-south-1,dev,3.4,3.96,24,96.0
2026-04-16,i-dev-002,t3.medium,ap-south-1,dev,3.36,6.33,24,96.0
2026-04-15,i-dev-002,t3.medium,ap-south-1,dev,4.5,6.13,24,96.0
2026-03-05,i-stag-002,t3.medium,us-east-1,staging,57.07,74.36,10,40.0
2026-04-11,i-prod-005,t3.large,ap-south-1,prod,63.68,75.26,24,192.0
2026-03-02,i-dev-004,t3.medium,eu-west-1,dev,58.76,76.78,10,40.0
2026-02-09,i-stag-002,t3.medium,us-east-1,staging,73.64,79.29,10,40.0
2026-01-31,i-prod-002,m5.xlarge,ap-south-1,prod,54.6,62.37,24,432.0
2026-04-11,i-stag-002,t3.medium,us-east-1,staging,37.44,42.47,4,16.0
2026-03-07,i-stag-001,t3.large,ap-south-1,staging,74.66,93.57,4,32.0
2026-03-14,i-test-002,t3.medium,us-east-1,test,43.44,62.55,4,16.0
2026-04-14,i-ml-001,m5.2xlarge,ap-south-1,prod,26.62,92.58,24,864.0
2026-04-07,i-ml-001,m5.2xlarge,ap-south-1,prod,21.92,81.44,24,864.0
2026-04-16,i-dev-003,t3.large,us-east-1,dev,3.27,8.67,24,192.0
2026-04-03,i-ml-001,m5.2xlarge,ap-south-1,prod,25.12,91.23,24,864.0
2026-04-25,i-test-002,t3.medium,us-east-1,test,34.76,45.09,4,16.0
2026-02-17,i-test-002,t3.medium,us-east-1,test,56.79,62.8,10,40.0
2026-03-24,i-prod-003,m5.xlarge,us-east-1,prod,37.51,48.97,24,432.0
2026-02-14,i-prod-001,m5.2xlarge,ap-south-1,prod,74.21,80.89,24,864.0
2026-01-31,i-dev-004,t3.medium,eu-west-1,dev,46.13,52.87,4,16.0
2026-02-28,i-prod-003,m5.xlarge,us-east-1,prod,70.27,83.48,24,432.0
2026-04-28,i-dev-004,t3.medium,eu-west-1,dev,32.31,44.7,10,40.0
2026-02-14,i-prod-005,t3.large,ap-south-1,prod,42.6,59.14,24,192.0
2026-02-01,i-stag-002,t3.medium,us-east-1,staging,37.25,56.2,4,16.0
2026-03-20,i-ml-001,m5.2xlarge,ap-south-1,prod,40.78,91.38,24,864.0
2026-04-09,i-dev-003,t3.large,us-east-1,dev,4.08,10.03,24,192.0
2026-03-02,i-prod-005,t3.large,ap-south-1,prod,66.26,80.04,24,192.0
2026-04-18,i-prod-002,m5.xlarge,ap-south-1,prod,66.76,84.55,24,432.0
2026-04-29,i-dev-004,t3.medium,eu-west-1,dev,59.67,73.34,10,40.0
2026-03-16,i-test-001,t3.medium,ap-south-1,test,2.55,6.58,24,96.0
2026-04-23,i-test-002,t3.medium,us-east-1,test,59.64,78.61,10,40.0
2026-03-13,i-dev-002,t3.medium,ap-south-1,dev,2.87,4.83,24,96.0
2026-04-19,i-prod-002,m5.xlarge,ap-south-1,prod,33.7,45.6,24,432.0
2026-04-16,i-prod-006,m5.xlarge,us-east-1,prod,47.52,55.95,24,432.0
2026-04-22,i-test-002,t3.medium,us-east-1,test,56.78,64.04,10,40.0
2026-03-24,i-prod-006,m5.xlarge,us-east-1,prod,45.33,51.4,24,432.0
2026-02-09,i-dev-003,t3.large,us-east-1,dev,4.15,9.71,24,192.0
2026-04-03,i-dev-004,t3.medium,eu-west-1,dev,42.71,53.01,10,40.0
2026-03-25,i-dev-004,t3.medium,eu-west-1,dev,55.62,69.93,10,40.0
2026-04-17,i-dev-002,t3.medium,ap-south-1,dev,4.02,8.44,24,96.0
2026-03-29,i-stag-002,t3.medium,us-east-1,staging,61.67,66.74,4,16.0
2026-03-31,i-test-002,t3.medium,us-east-1,test,33.4,43.89,10,40.0
2026-02-09,i-prod-003,m5.xlarge,us-east-1,prod,30.51,42.54,24,432.0
2026-04-23,i-dev-001,t3.medium,ap-south-1,dev,3.82,4.42,24,96.0
2026-03-04,i-ml-001,m5.2xlarge,ap-south-1,prod,27.68,95.26,24,864.0
2026-04-15,i-dev-003,t3.large,us-east-1,dev,5.03,11.9,24,192.0
2026-04-16,i-dev-004,t3.medium,eu-west-1,dev,46.79,65.92,10,40.0
2026-02-05,i-test-002,t3.medium,us-east-1,test,42.19,53.77,10,40.0
2026-03-10,i-prod-002,m5.xlarge,ap-south-1,prod,34.94,48.16,24,432.0
2026-04-20,i-test-002,t3.medium,us-east-1,test,39.34,47.91,10,40.0
2026-02-02,i-dev-001,t3.medium,ap-south-1,dev,3.41,5.25,24,96.0
2026-02-09,i-prod-002,m5.xlarge,ap-south-1,prod,70.79,77.45,24,432.0
2026-02-25,i-test-002,t3.medium,us-east-1,test,74.87,86.26,10,40.0
2026-02-12,i-test-001,t3.medium,ap-south-1,test,1.34,3.19,24,96.0
2026-04-26,i-stag-001,t3.large,ap-south-1,staging,58.34,69.39,4,32.0
2026-04-14,i-test-001,t3.medium,ap-south-1,test,1.8,3.15,24,96.0
2026-01-30,i-dev-001,t3.medium,ap-south-1,dev,2.32,6.25,24,96.0
2026-04-07,i-dev-002,t3.medium,ap-south-1,dev,0.95,2.97,24,96.0
2026-04-10,i-dev-003,t3.large,us-east-1,dev,1.55,3.87,24,192.0
2026-03-01,i-prod-003,m5.xlarge,us-east-1,prod,70.53,81.86,24,432.0
2026-02-15,i-test-002,t3.medium,us-east-1,test,65.49,72.76,4,16.0
2026-03-30,i-dev-004,t3.medium,eu-west-1,dev,52.18,63.24,10,40.0
2026-04-19,i-test-002,t3.medium,us-east-1,test,52.03,66.7,4,16.0
2026-03-29,i-dev-003,t3.large,us-east-1,dev,2.49,3.33,24,192.0
2026-04-26,i-prod-003,m5.xlarge,us-east-1,prod,37.57,55.76,24,432.0
2026-03-12,i-dev-001,t3.medium,ap-south-1,dev,3.4,7.49,24,96.0
2026-02-22,i-prod-001,m5.2xlarge,ap-south-1,prod,61.33,71.43,24,864.0
2026-04-18,i-dev-001,t3.medium,ap-south-1,dev,1.43,2.08,24,96.0
2026-02-16,i-stag-002,t3.medium,us-east-1,staging,56.25,67.27,10,40.0
2026-02-09,i-prod-001,m5.2xlarge,ap-south-1,prod,64.97,78.35,24,864.0
2026-03-02,i-stag-002,t3.medium,us-east-1,staging,31.77,38.6,10,40.0
2026-03-13,i-dev-003,t3.large,us-east-1,dev,4.48,4.5,24,192.0
2026-03-21,i-prod-005,t3.large,ap-south-1,prod,70.16,81.81,24,192.0
2026-04-25,i-ml-001,m5.2xlarge,ap-south-1,prod,36.9,92.51,24,864.0
2026-03-07,i-dev-003,t3.large,us-east-1,dev,1.18,3.61,24,192.0
2026-04-01,i-test-002,t3.medium,us-east-1,test,68.42,77.05,10,40.0
2026-03-03,i-dev-001,t3.medium,ap-south-1,dev,4.5,4.74,24,96.0
2026-04-22,i-stag-001,t3.large,ap-south-1,staging,42.67,62.12,10,80.0
2026-02-08,i-dev-004,t3.medium,eu-west-1,dev,61.78,68.0,4,16.0
2026-02-25,i-test-001,t3.medium,ap-south-1,test,3.23,5.46,24,96.0
2026-04-03,i-dev-002,t3.medium,ap-south-1,dev,4.3,7.21,24,96.0
2026-04-25,i-dev-002,t3.medium,ap-south-1,dev,2.95,7.64,24,96.0
2026-03-14,i-ml-001,m5.2xlarge,ap-south-1,prod,30.74,96.58,24,864.0
2026-03-01,i-test-002,t3.medium,us-east-1,test,50.42,58.96,4,16.0
2026-02-11,i-stag-001,t3.large,ap-south-1,staging,63.98,78.29,10,80.0
2026-04-16,i-stag-002,t3.medium,us-east-1,staging,53.75,61.92,10,40.0
2026-03-11,i-dev-001,t3.medium,ap-south-1,dev,3.08,5.73,24,96.0
2026-02-08,i-dev-001,t3.medium,ap-south-1,dev,0.97,1.68,24,96.0
2026-03-21,i-prod-002,m5.xlarge,ap-south-1,prod,67.32,85.5,24,432.0
2026-04-05,i-stag-001,t3.large,ap-south-1,staging,62.15,78.53,4,32.0
2026-02-12,i-prod-003,m5.xlarge,us-east-1,prod,58.84,66.57,24,432.0
2026-03-29,i-test-002,t3.medium,us-east-1,test,50.6,58.73,4,16.0
2026-02-17,i-dev-002,t3.medium,ap-south-1,dev,1.95,4.85,24,96.0
2026-02-18,i-dev-001,t3.medium,ap-south-1,dev,1.39,2.54,24,96.0
2026-04-22,i-ml-001,m5.2xlarge,ap-south-1,prod,31.17,89.53,24,864.0
2026-02-25,i-dev-003,t3.large,us-east-1,dev,4.79,4.99,24,192.0
2026-02-07,i-prod-003,m5.xlarge,us-east-1,prod,73.25,91.83,24,432.0
2026-02-12,i-stag-002,t3.medium,us-east-1,staging,39.29,49.75,10,40.0
2026-03-26,i-dev-003,t3.large,us-east-1,dev,1.55,8.38,24,192.0
2026-02-15,i-stag-001,t3.large,ap-south-1,staging,49.76,60.42,4,32.0
2026-04-26,i-dev-004,t3.medium,eu-west-1,dev,41.3,58.97,4,16.0
2026-04-25,i-test-001,t3.medium,ap-south-1,test,2.95,4.81,24,96.0
2026-04-16,i-test-002,t3.medium,us-east-1,test,59.19,68.32,10,40.0
2026-02-24,i-dev-002,t3.medium,ap-south-1,dev,3.29,6.69,24,96.0
2026-03-27,i-ml-001,m5.2xlarge,ap-south-1,prod,21.26,81.39,24,864.0
2026-02-13,i-dev-002,t3.medium,ap-south-1,dev,1.95,5.18,24,96.0
2026-03-13,i-dev-004,t3.medium,eu-west-1,dev,46.0,62.91,10,40.0
2026-01-30,i-prod-002,m5.xlarge,ap-south-1,prod,56.94,64.28,24,432.0
2026-02-06,i-stag-002,t3.medium,us-east-1,staging,68.5,84.05,10,40.0
2026-03-17,i-dev-001,t3.medium,ap-south-1,dev,1.65,5.61,24,96.0
2026-04-27,i-prod-004,r5.xlarge,eu-west-1,prod,74.56,79.95,24,576.0
2026-04-03,i-stag-001,t3.large,ap-south-1,staging,71.32,77.85,10,80.0
2026-04-20,i-stag-001,t3.large,ap-south-1,staging,65.82,73.44,10,80.0
2026-04-22,i-prod-005,t3.large,ap-south-1,prod,44.29,62.01,24,192.0
2026-02-28,i-stag-001,t3.large,ap-south-1,staging,39.86,59.5,4,32.0
2026-04-15,i-dev-004,t3.medium,eu-west-1,dev,40.87,46.47,10,40.0
2026-03-15,i-prod-004,r5.xlarge,eu-west-1,prod,62.83,79.31,24,576.0
2026-04-23,i-stag-002,t3.medium,us-east-1,staging,38.31,48.44,10,40.0
2026-02-20,i-prod-003,m5.xlarge,us-east-1,prod,59.93,67.56,24,432.0
2026-03-14,i-prod-004,r5.xlarge,eu-west-1,prod,65.49,78.25,24,576.0
2026-03-18,i-prod-005,t3.large,ap-south-1,prod,37.47,55.7,24,192.0
2026-04-04,i-test-001,t3.medium,ap-south-1,test,3.47,7.71,24,96.0
2026-03-12,i-test-001,t3.medium,ap-south-1,test,3.99,7.17,24,96.0
2026-03-13,i-prod-003,m5.xlarge,us-east-1,prod,57.72,65.54,24,432.0
2026-04-29,i-prod-001,m5.2xlarge,ap-south-1,prod,42.07,52.48,24,864.0
2026-04-24,i-prod-004,r5.xlarge,eu-west-1,prod,74.13,82.35,24,576.0
2026-03-24,i-prod-001,m5.2xlarge,ap-south-1,prod,56.2,66.77,24,864.0
2026-03-14,i-prod-001,m5.2xlarge,ap-south-1,prod,66.22,75.27,24,864.0
2026-04-07,i-stag-002,t3.medium,us-east-1,staging,49.44,69.15,10,40.0
2026-03-08,i-prod-002,m5.xlarge,ap-south-1,prod,35.24,52.5,24,432.0
2026-03-16,i-stag-001,t3.large,ap-south-1,staging,35.16,53.07,10,80.0
2026-03-09,i-stag-002,t3.medium,us-east-1,staging,58.08,70.98,10,40.0
2026-04-13,i-ml-001,m5.2xlarge,ap-south-1,prod,32.95,82.67,24,864.0
2026-04-18,i-test-002,t3.medium,us-east-1,test,55.35,72.41,4,16.0
2026-03-05,i-ml-001,m5.2xlarge,ap-south-1,prod,38.42,96.39,24,864.0
2026-04-10,i-dev-002,t3.medium,ap-south-1,dev,4.03,8.1,24,96.0
2026-03-07,i-prod-001,m5.2xlarge,ap-south-1,prod,50.93,56.84,24,864.0
2026-04-19,i-dev-002,t3.medium,ap-south-1,dev,1.95,6.24,24,96.0
2026-03-20,i-test-002,t3.medium,us-east-1,test,68.51,81.33,10,40.0
2026-04-24,i-stag-001,t3.large,ap-south-1,staging,37.76,51.28,10,80.0
2026-03-03,i-prod-005,t3.large,ap-south-1,prod,69.1,82.66,24,192.0
2026-02-05,i-prod-006,m5.xlarge,us-east-1,prod,31.62,43.6,24,432.0
2026-04-08,i-prod-001,m5.2xlarge,ap-south-1,prod,43.38,49.76,24,864.0
2026-03-08,i-dev-001,t3.medium,ap-south-1,dev,3.56,4.43,24,96.0
2026-03-20,i-stag-002,t3.medium,us-east-1,staging,43.56,57.53,10,40.0
2026-03-28,i-dev-001,t3.medium,ap-south-1,dev,3.36,7.47,24,96.0
2026-03-30,i-stag-001,t3.large,ap-south-1,staging,38.96,57.32,10,80.0
2026-04-09,i-prod-004,r5.xlarge,eu-west-1,prod,38.97,57.13,24,576.0
2026-02-12,i-dev-004,t3.medium,eu-west-1,dev,66.28,82.5,10,40.0
2026-02-25,i-prod-003,m5.xlarge,us-east-1,prod,65.09,71.7,24,432.0
2026-03-23,i-ml-001,m5.2xlarge,ap-south-1,prod,42.92,88.19,24,864.0
2026-03-29,i-prod-001,m5.2xlarge,ap-south-1,prod,67.77,72.83,24,864.0
2026-02-25,i-stag-002,t3.medium,us-east-1,staging,56.2,66.39,10,40.0
2026-03-22,i-prod-002,m5.xlarge,ap-south-1,prod,34.86,44.94,24,432.0
2026-04-23,i-dev-004,t3.medium,eu-west-1,dev,37.4,44.15,10,40.0
2026-04-22,i-dev-004,t3.medium,eu-west-1,dev,38.36,48.95,10,40.0
2026-04-08,i-dev-001,t3.medium,ap-south-1,dev,3.3,6.71,24,96.0
2026-03-13,i-test-001,t3.medium,ap-south-1,test,2.85,5.26,24,96.0
2026-03-11,i-test-001,t3.medium,ap-south-1,test,1.01,2.7,24,96.0
2026-04-04,i-prod-001,m5.2xlarge,ap-south-1,prod,44.92,62.75,24,864.0
2026-03-19,i-prod-006,m5.xlarge,us-east-1,prod,67.67,76.86,24,432.0
2026-03-16,i-dev-001,t3.medium,ap-south-1,dev,0.83,3.12,24,96.0
2026-02-05,i-dev-001,t3.medium,ap-south-1,dev,1.01,3.62,24,96.0
2026-03-24,i-dev-002,t3.medium,ap-south-1,dev,2.44,2.58,24,96.0
2026-02-26,i-prod-002,m5.xlarge,ap-south-1,prod,59.45,68.55,24,432.0
2026-03-04,i-stag-002,t3.medium,us-east-1,staging,56.11,69.11,10,40.0
2026-04-11,i-stag-001,t3.large,ap-south-1,staging,61.23,69.67,4,32.0
2026-04-10,i-stag-001,t3.large,ap-south-1,staging,64.4,75.54,10,80.0
2026-04-01,i-ml-001,m5.2xlarge,ap-south-1,prod,24.92,98.08,24,864.0
2026-03-22,i-ml-001,m5.2xlarge,ap-south-1,prod,29.23,82.3,24,864.0
2026-02-12,i-prod-006,m5.xlarge,us-east-1,prod,37.6,46.78,24,432.0
2026-02-07,i-ml-001,m5.2xlarge,ap-south-1,prod,32.63,95.7,24,864.0
2026-04-10,i-prod-002,m5.xlarge,ap-south-1,prod,49.24,60.88,24,432.0
2026-02-01,i-dev-003,t3.large,us-east-1,dev,5.04,12.21,24,192.0
2026-04-07,i-test-001,t3.medium,ap-south-1,test,2.43,3.77,24,96.0
2026-02-14,i-prod-006,m5.xlarge,us-east-1,prod,44.57,55.95,24,432.0
2026-02-24,i-prod-004,r5.xlarge,eu-west-1,prod,60.75,66.89,24,576.0
2026-02-18,i-prod-004,r5.xlarge,eu-west-1,prod,48.03,61.43,24,576.0
2026-02-26,i-test-002,t3.medium,us-east-1,test,60.85,72.31,10,40.0
2026-02-25,i-prod-002,m5.xlarge,ap-south-1,prod,41.69,56.2,24,432.0
2026-03-10,i-stag-002,t3.medium,us-east-1,staging,60.97,72.53,10,40.0
2026-04-17,i-stag-002,t3.medium,us-east-1,staging,45.97,51.75,10,40.0
2026-04-12,i-stag-001,t3.large,ap-south-1,staging,47.63,66.07,4,32.0
2026-03-14,i-prod-003,m5.xlarge,us-east-1,prod,45.04,61.81,24,432.0
2026-04-16,i-test-001,t3.medium,ap-south-1,test,2.5,5.96,24,96.0
2026-03-05,i-dev-003,t3.large,us-east-1,dev,2.77,4.66,24,192.0
2026-02-03,i-prod-005,t3.large,ap-south-1,prod,70.52,85.02,24,192.0
2026-01-30,i-ml-001,m5.2xlarge,ap-south-1,prod,20.86,97.28,24,864.0
2026-04-18,i-dev-003,t3.large,us-east-1,dev,2.05,8.52,24,192.0
2026-04-10,i-ml-001,m5.2xlarge,ap-south-1,prod,43.82,86.21,24,864.0
2026-03-03,i-test-001,t3.medium,ap-south-1,test,3.73,7.54,24,96.0
2026-02-24,i-prod-005,t3.large,ap-south-1,prod,52.28,64.49,24,192.0
2026-02-11,i-stag-002,t3.medium,us-east-1,staging,39.58,46.63,10,40.0
2026-03-21,i-test-002,t3.medium,us-east-1,test,38.82,52.99,4,16.0
2026-02-13,i-stag-001,t3.large,ap-south-1,staging,65.51,77.99,10,80.0
2026-03-23,i-dev-004,t3.medium,eu-west-1,dev,49.35,64.44,10,40.0
2026-04-11,i-dev-004,t3.medium,eu-west-1,dev,34.74,43.08,4,16.0
2026-03-29,i-dev-001,t3.medium,ap-south-1,dev,3.35,6.68,24,96.0
2026-02-21,i-stag-002,t3.medium,us-east-1,staging,74.45,93.61,4,16.0
2026-03-18,i-ml-001,m5.2xlarge,ap-south-1,prod,28.7,88.56,24,864.0
2026-02-18,i-dev-003,t3.large,us-east-1,dev,1.89,7.11,24,192.0
2026-04-07,i-dev-004,t3.medium,eu-west-1,dev,47.89,56.86,10,40.0
2026-04-25,i-prod-001,m5.2xlarge,ap-south-1,prod,33.81,45.81,24,864.0
2026-03-01,i-prod-006,m5.xlarge,us-east-1,prod,35.92,51.66,24,432.0
2026-02-06,i-dev-003,t3.large,us-east-1,dev,4.08,9.16,24,192.0
2026-03-25,i-prod-006,m5.xlarge,us-east-1,prod,43.6,52.5,24,432.0
2026-02-16,i-ml-001,m5.2xlarge,ap-south-1,prod,43.14,88.57,24,864.0
2026-04-06,i-prod-006,m5.xlarge,us-east-1,prod,73.52,79.29,24,432.0
2026-02-12,i-stag-001,t3.large,ap-south-1,staging,33.99,40.8,10,80.0
2026-02-09,i-dev-004,t3.medium,eu-west-1,dev,58.24,72.0,10,40.0
2026-03-19,i-dev-002,t3.medium,ap-south-1,dev,3.56,7.51,24,96.0
2026-02-25,i-dev-004,t3.medium,eu-west-1,dev,44.56,56.89,10,40.0
2026-03-17,i-test-001,t3.medium,ap-south-1,test,3.93,8.46,24,96.0
2026-04-15,i-prod-005,t3.large,ap-south-1,prod,55.08,60.66,24,192.0
2026-03-08,i-dev-003,t3.large,us-east-1,dev,1.34,1.55,24,192.0
2026-04-08,i-prod-002,m5.xlarge,ap-south-1,prod,58.06,72.79,24,432.0
2026-04-08,i-prod-006,m5.xlarge,us-east-1,prod,68.97,88.18,24,432.0
2026-04-13,i-dev-002,t3.medium,ap-south-1,dev,3.34,3.38,24,96.0
2026-02-12,i-dev-003,t3.large,us-east-1,dev,5.6,6.09,24,192.0
2026-02-01,i-prod-005,t3.large,ap-south-1,prod,44.15,56.77,24,192.0
2026-03-22,i-dev-003,t3.large,us-east-1,dev,,12.34,24,192.0
2026-03-04,i-test-002,t3.medium,us-east-1,test,51.86,60.72,10,40.0
2026-04-29,i-ml-001,m5.2xlarge,ap-south-1,prod,34.11,96.16,24,864.0
2026-02-05,i-prod-002,m5.xlarge,ap-south-1,prod,71.1,83.77,24,432.0
2026-03-30,i-test-001,t3.medium,ap-south-1,test,2.88,2.93,24,96.0
2026-03-08,i-dev-002,t3.medium,ap-south-1,dev,2.09,2.83,24,96.0
2026-03-22,i-dev-004,t3.medium,eu-west-1,dev,58.64,64.41,4,16.0
2026-02-15,i-prod-002,m5.xlarge,ap-south-1,prod,63.35,76.97,24,432.0
2026-01-30,i-test-002,t3.medium,us-east-1,test,49.81,56.64,10,40.0
2026-02-20,i-prod-001,m5.2xlarge,ap-south-1,prod,30.49,37.55,24,864.0
2026-03-11,i-prod-001,m5.2xlarge,ap-south-1,prod,73.04,89.11,24,864.0
2026-02-24,i-test-001,t3.medium,ap-south-1,test,1.02,2.69,24,96.0
2026-04-26,i-stag-002,t3.medium,us-east-1,staging,53.91,69.07,4,16.0
2026-02-10,i-prod-002,m5.xlarge,ap-south-1,prod,73.85,93.64,24,432.0
2026-03-27,i-prod-001,m5.2xlarge,ap-south-1,prod,61.16,68.18,24,864.0
2026-01-31,i-prod-006,m5.xlarge,us-east-1,prod,47.49,56.56,24,432.0
2026-03-14,i-prod-002,m5.xlarge,ap-south-1,prod,52.42,58.58,24,432.0
2026-04-16,i-ml-001,m5.2xlarge,ap-south-1,prod,35.9,91.39,24,864.0
2026-03-26,i-stag-001,t3.large,ap-south-1,staging,47.39,60.06,10,80.0
2026-04-24,i-stag-002,t3.medium,us-east-1,staging,72.22,89.51,10,40.0
2026-03-08,i-stag-002,t3.medium,us-east-1,staging,71.52,83.83,4,16.0
2026-04-28,i-ml-001,m5.2xlarge,ap-south-1,prod,39.0,82.92,24,864.0
2026-03-16,i-dev-004,t3.medium,eu-west-1,dev,59.29,72.48,10,40.0
2026-04-03,i-test-001,t3.medium,ap-south-1,test,4.29,8.75,24,96.0
2026-02-11,i-dev-002,t3.medium,ap-south-1,dev,2.25,6.77,24,96.0
2026-04-05,i-prod-001,m5.2xlarge,ap-south-1,prod,70.59,87.69,24,864.0
2026-03-17,i-dev-002,t3.medium,ap-south-1,dev,3.04,7.03,24,96.0
2026-03-05,i-prod-001,m5.2xlarge,ap-south-1,prod,44.01,58.16,24,864.0
2026-04-12,i-prod-003,m5.xlarge,us-east-1,prod,52.51,63.68,24,432.0
2026-03-02,i-dev-002,t3.medium,ap-south-1,dev,0.67,1.41,24,96.0
2026-03-28,i-prod-002,m5.xlarge,ap-south-1,prod,66.16,85.1,24,432.0
2026-03-20,i-test-001,t3.medium,ap-south-1,test,0.64,3.55,24,96.0
2026-02-15,i-test-001,t3.medium,ap-south-1,test,2.98,5.65,24,96.0
2026-01-31,i-stag-001,t3.large,ap-south-1,staging,46.05,55.27,4,32.0
2026-04-29,i-prod-003,m5.xlarge,us-east-1,prod,47.64,63.09,24,432.0
2026-03-01,i-dev-002,t3.medium,ap-south-1,dev,2.56,4.36,24,96.0
2026-04-18,i-ml-001,m5.2xlarge,ap-south-1,prod,34.52,89.6,24,864.0
2026-02-17,i-stag-001,t3.large,ap-south-1,staging,63.19,74.97,10,80.0
2026-04-03,i-dev-003,t3.large,us-east-1,dev,3.9,8.03,24,192.0
2026-04-21,i-prod-001,m5.2xlarge,ap-south-1,prod,36.95,49.26,24,864.0
2026-02-24,i-dev-003,t3.large,us-east-1,dev,4.76,6.03,24,192.0
2026-03-24,i-dev-003,t3.large,us-east-1,dev,5.82,8.89,24,192.0
2026-02-21,i-test-002,t3.medium,us-east-1,test,67.3,72.86,4,16.0
2026-03-22,i-prod-005,t3.large,ap-south-1,prod,57.77,64.48,24,192.0
2026-04-28,i-test-001,t3.medium,ap-south-1,test,1.84,3.81,24,96.0
2026-02-07,i-dev-003,t3.large,us-east-1,dev,5.95,9.25,24,192.0
2026-03-29,i-prod-002,m5.xlarge,ap-south-1,prod,63.34,73.08,24,432.0
2026-04-14,i-test-002,t3.medium,us-east-1,test,61.26,69.54,10,40.0
2026-02-04,i-test-001,t3.medium,ap-south-1,test,4.46,5.16,24,96.0
2026-02-21,i-prod-001,m5.2xlarge,ap-south-1,prod,65.97,81.39,24,864.0
2026-04-22,i-dev-001,t3.medium,ap-south-1,dev,4.46,6.02,24,96.0
2026-03-02,i-prod-002,m5.xlarge,ap-south-1,prod,57.77,73.37,24,432.0
2026-02-07,i-prod-002,m5.xlarge,ap-south-1,prod,54.55,73.67,24,432.0
2026-04-09,i-dev-002,t3.medium,ap-south-1,dev,4.23,6.95,24,96.0
2026-04-13,i-prod-001,m5.2xlarge,ap-south-1,prod,33.41,44.22,24,864.0
2026-04-15,i-prod-006,m5.xlarge,us-east-1,prod,44.54,63.01,24,432.0
2026-04-26,i-prod-005,t3.large,ap-south-1,prod,73.12,81.42,24,192.0
2026-03-28,i-prod-006,m5.xlarge,us-east-1,prod,35.53,53.86,24,432.0
2026-04-15,i-prod-002,m5.xlarge,ap-south-1,prod,33.98,49.46,24,432.0
